node_id,zone_id,x_coord,y_coord,production,attraction
0,0,-111.926288,33.431218,0,0
1,1,-111.92627,33.433598,2100,2100
2,2,-111.944268,33.430793,2200,2200
3,0,-111.944257,33.429516,0,0
4,0,-111.944296,33.410264,0,0
5,0,-111.944296,33.409517,0,0
6,0,-111.944309,33.413182,0,0
7,0,-111.944302,33.411021,0,0
8,0,-111.944294,33.408769,0,0
9,0,-111.944288,33.414634,0,0
10,0,-111.944314,33.413903,0,0
11,0,-111.94395,33.407377,0,0
12,0,-111.930426,33.423127,0,0
13,0,-111.92908,33.424299,0,0
14,0,-111.941269,33.424338,0,0
16,0,-111.937633,33.424357,0,0
17,0,-111.936666,33.424359,0,0
18,0,-111.934981,33.424335,0,0
19,0,-111.941261,33.421931,0,0
20,0,-111.94123,33.420522,0,0
21,0,-111.939277,33.408668,0,0
22,0,-111.936012,33.409506,0,0
23,0,-111.930125,33.410444,0,0
24,24,-111.926512,33.410459,1500,1500
25,25,-111.924233,33.411912,300,300
26,0,-111.923252,33.411891,0,0
27,0,-111.942395,33.419048,0,0
28,0,-111.942377,33.420431,0,0
29,0,-111.942453,33.417618,0,0
30,0,-111.94234,33.413615,0,0
31,0,-111.942419,33.414728,0,0
32,0,-111.942453,33.41619,0,0
33,0,-111.909083,33.419002,0,0
34,34,-111.901613,33.419261,0,0
35,0,-111.931145,33.409333,0,0
36,0,-111.931257,33.40846,0,0
37,0,-111.931125,33.407606,0,0
38,38,-111.910808,33.418129,1100,1100
39,0,-111.910665,33.417404,0,0
40,40,-111.94787,33.413917,0,0
41,0,-111.939732,33.411911,0,0
42,0,-111.937962,33.411944,0,0
43,0,-111.936572,33.411957,0,0
44,0,-111.93493,33.411978,0,0
45,0,-111.930685,33.412048,0,0
46,0,-111.920965,33.412878,0,0
47,0,-111.920949,33.41231,0,0
48,0,-111.920942,33.411687,0,0
49,0,-111.920944,33.411348,0,0
50,0,-111.922615,33.407446,0,0
51,51,-111.921125,33.399366,0,0
52,52,-111.947868,33.413197,0,0
53,53,-111.939842,33.408653,1200,1200
54,0,-111.939779,33.408663,0,0
55,0,-111.938179,33.408598,0,0
56,0,-111.927975,33.407503,0,0
57,57,-111.92794,33.403463,0,0
58,0,-111.928383,33.409745,0,0
59,0,-111.928375,33.409047,0,0
60,0,-111.938292,33.414922,0,0
61,0,-111.937367,33.414647,0,0
63,0,-111.937022,33.414608,0,0
65,0,-111.940778,33.426459,0,0
67,0,-111.912868,33.41707,0,0
68,0,-111.911792,33.417068,0,0
69,0,-111.913891,33.416925,0,0
70,0,-111.916503,33.416931,0,0
71,71,-111.917612,33.416932,800,800
72,0,-111.909111,33.416844,0,0
73,0,-111.907646,33.416854,0,0
74,74,-111.907336,33.416855,500,500
76,0,-111.912455,33.413554,0,0
77,0,-111.912455,33.412594,0,0
78,0,-111.912455,33.411634,0,0
79,0,-111.913249,33.406504,0,0
80,80,-111.913249,33.404954,1600,1600
81,0,-111.913248,33.407441,0,0
84,0,-111.944246,33.419402,0,0
85,85,-111.947969,33.41941,100,100
86,0,-111.941235,33.419057,0,0
88,0,-111.944245,33.418917,0,0
89,89,-111.94393,33.411019,400,400
90,90,-111.947859,33.411029,0,0
91,91,-111.942634,33.41361,1000,1000
92,0,-111.939893,33.413627,0,0
93,0,-111.92652,33.408338,0,0
94,0,-111.92652,33.409055,0,0
95,0,-111.921991,33.412895,0,0
96,96,-111.922104,33.411513,600,600
100,0,-111.944299,33.423177,0,0
101,101,-111.945757,33.423178,200,200
102,0,-111.935273,33.409579,0,0
103,0,-111.933838,33.409312,0,0
104,0,-111.930115,33.409341,0,0
105,0,-111.930117,33.409735,0,0
106,0,-111.92925,33.40974,0,0
107,0,-111.939416,33.425497,0,0
108,0,-111.938161,33.425495,0,0
109,0,-111.936672,33.425499,0,0
112,0,-111.912346,33.415789,0,0
113,0,-111.909027,33.420858,0,0
114,0,-111.908341,33.420857,0,0
115,0,-111.909172,33.420861,0,0
116,0,-111.912825,33.419495,0,0
117,0,-111.912825,33.418373,0,0
118,0,-111.918283,33.41288,0,0
119,119,-111.918275,33.411264,1200,1200
120,0,-111.928844,33.418046,0,0
121,0,-111.929404,33.416644,0,0
122,0,-111.937071,33.41353,0,0
123,0,-111.934933,33.413547,0,0
124,124,-111.93012,33.406651,300,300
125,125,-111.930137,33.404229,0,0
126,0,-111.930121,33.407611,0,0
127,0,-111.930122,33.407527,0,0
128,0,-111.930117,33.408309,0,0
129,0,-111.919406,33.41287,0,0
130,130,-111.919399,33.411264,1100,1100
131,0,-111.911797,33.41615,0,0
132,0,-111.911797,33.418377,0,0
133,0,-111.93389,33.40961,0,0
134,0,-111.933729,33.408445,0,0
135,0,-111.933823,33.407589,0,0
136,0,-111.920315,33.412877,0,0
137,0,-111.920291,33.411353,0,0
138,0,-111.922591,33.412895,0,0
139,139,-111.922574,33.411108,700,700
140,0,-111.941978,33.407397,0,0
141,0,-111.943326,33.407379,0,0
142,0,-111.940594,33.407403,0,0
143,0,-111.934417,33.407454,0,0
144,0,-111.934373,33.407454,0,0
145,0,-111.917713,33.41943,0,0
146,0,-111.91469,33.419446,0,0
147,0,-111.926238,33.420976,0,0
148,0,-111.909077,33.41953,0,0
149,149,-111.941978,33.406618,400,400
150,0,-111.914694,33.418368,0,0
151,0,-111.914697,33.417654,0,0
152,0,-111.914751,33.416151,0,0
153,0,-111.914759,33.414841,0,0
154,0,-111.929028,33.407443,0,0
155,155,-111.929021,33.403456,0,0
156,0,-111.929029,33.407539,0,0
157,0,-111.92925,33.408309,0,0
158,0,-111.936655,33.417483,0,0
159,0,-111.936628,33.416206,0,0
161,0,-111.935964,33.407438,0,0
162,162,-111.935968,33.405617,200,200
163,0,-111.937085,33.414524,0,0
164,0,-111.944241,33.416822,0,0
165,165,-111.953246,33.416883,0,0
166,0,-111.932918,33.406616,0,0
167,167,-111.932935,33.405634,100,100
168,0,-111.917064,33.412952,0,0
169,0,-111.926297,33.412883,0,0
170,0,-111.923261,33.412895,0,0
171,0,-111.920428,33.412883,0,0
173,0,-111.938118,33.419078,0,0
174,0,-111.923722,33.407579,0,0
175,0,-111.923719,33.407967,0,0
176,176,-111.923257,33.411219,200,200
177,0,-111.914257,33.411626,0,0
178,178,-111.910815,33.411634,600,600
179,0,-111.915742,33.411856,0,0
180,0,-111.909103,33.418194,0,0
181,181,-111.907286,33.418193,0,0
182,0,-111.917708,33.420025,0,0
183,0,-111.917729,33.416671,0,0
184,0,-111.917699,33.415184,0,0
185,0,-111.91774,33.417662,0,0
186,0,-111.917737,33.418376,0,0
187,0,-111.944303,33.42432,0,0
188,188,-111.947284,33.424331,0,0
189,0,-111.917123,33.413629,0,0
190,0,-111.914257,33.413561,0,0
191,191,-111.910773,33.413554,1100,1100
192,0,-111.938129,33.420515,0,0
193,0,-111.908328,33.42,0,0
194,194,-111.90626,33.420188,1100,1100
195,0,-111.934976,33.423209,0,0
197,0,-111.934928,33.42544,0,0
198,0,-111.941205,33.416204,0,0
199,0,-111.939978,33.416206,0,0
200,0,-111.94424,33.416068,0,0
201,201,-111.952191,33.416015,100,100
202,202,-111.947856,33.408763,0,0
203,0,-111.917122,33.414605,0,0
204,0,-111.916927,33.412715,0,0
205,0,-111.92892,33.42027,0,0
206,206,-111.927871,33.420269,3300,3300
207,0,-111.939166,33.414717,0,0
208,0,-111.931073,33.40663,0,0
209,0,-111.933897,33.406601,0,0
210,210,-111.947858,33.410258,0,0
211,0,-111.916515,33.416159,0,0
212,0,-111.94425,33.420638,0,0
213,213,-111.947974,33.420646,0,0
214,0,-111.9389,33.420508,0,0
217,0,-111.936665,33.423204,0,0
218,0,-111.938159,33.423191,0,0
219,0,-111.915596,33.412693,0,0
220,0,-111.914257,33.412601,0,0
221,221,-111.910798,33.412601,400,400
222,0,-111.909104,33.417484,0,0
223,223,-111.913889,33.417645,1100,1100
224,0,-111.917706,33.406388,0,0
225,0,-111.938316,33.407421,0,0
226,0,-111.944288,33.425468,0,0
227,0,-111.944693,33.425471,0,0
228,0,-111.94123,33.41762,0,0
229,0,-111.940025,33.417625,0,0
230,0,-111.944244,33.417783,0,0
231,231,-111.948577,33.417801,0,0
232,232,-111.94786,33.40951,0,0
233,0,-111.909117,33.416154,0,0
234,0,-111.943428,33.42953,0,0
235,0,-111.935643,33.430435,0,0
236,0,-111.934928,33.430057,0,0
237,0,-111.937416,33.430404,0,0
238,0,-111.934672,33.429873,0,0
239,239,-111.941597,33.43337,0,0
240,0,-111.94097,33.432325,0,0
241,241,-111.909613,33.43633,200,200
242,0,-111.909358,33.432992,0,0
243,0,-111.939969,33.41511,0,0
246,0,-111.939909,33.414649,0,0
247,0,-111.940056,33.431239,0,0
248,0,-111.940126,33.43168,0,0
249,0,-111.940463,33.431309,0,0
250,0,-111.94014,33.430321,0,0
251,0,-111.926289,33.429841,0,0
252,0,-111.940825,33.414746,0,0
254,0,-111.938142,33.414998,0,0
255,0,-111.939902,33.414282,0,0
256,256,-111.933966,33.418355,800,800
257,0,-111.933829,33.418328,0,0
258,0,-111.928855,33.418437,0,0
259,0,-111.934949,33.414314,0,0
260,0,-111.920449,33.414707,0,0
261,0,-111.920545,33.414871,0,0
262,0,-111.922081,33.414818,0,0
263,0,-111.920387,33.414887,0,0
265,0,-111.924582,33.414717,0,0
266,0,-111.922497,33.414714,0,0
267,0,-111.930665,33.414666,0,0
268,268,-111.930544,33.411548,900,900
270,0,-111.909149,33.430223,0,0
271,0,-111.926299,33.420098,0,0
273,0,-111.921125,33.415486,0,0
275,0,-111.923179,33.417529,0,0
276,0,-111.918777,33.416682,0,0
277,0,-111.920587,33.416712,0,0
278,0,-111.925416,33.416812,0,0
279,0,-111.92951,33.422742,0,0
280,0,-111.93388,33.425003,0,0
281,0,-111.931263,33.423358,0,0
282,0,-111.932089,33.424187,0,0
283,0,-111.933464,33.425007,0,0
284,0,-111.933945,33.4252,0,0
285,0,-111.930704,33.413573,0,0
286,0,-111.922896,33.422026,0,0
287,287,-111.922898,33.423812,1300,1300
288,0,-111.917748,33.409479,0,0
289,0,-111.917698,33.409224,0,0
290,0,-111.936657,33.417654,0,0
291,0,-111.939847,33.417619,0,0
292,292,-111.944668,33.430771,0,0
293,0,-111.945036,33.430767,0,0
294,0,-111.945244,33.430765,0,0
297,0,-111.942549,33.42914,0,0
298,0,-111.942523,33.429252,0,0
299,0,-111.943343,33.430723,0,0
300,0,-111.943144,33.429781,0,0
301,0,-111.945381,33.431327,0,0
302,0,-111.943375,33.431297,0,0
303,0,-111.934951,33.416111,0,0
304,0,-111.933278,33.416088,0,0
305,305,-111.918685,33.418878,700,700
306,0,-111.918684,33.418406,0,0
307,0,-111.952187,33.414653,0,0
308,308,-111.960828,33.414678,0,0
309,0,-111.944248,33.414635,0,0
310,0,-111.941189,33.414744,0,0
311,0,-111.936665,33.422364,0,0
312,0,-111.936652,33.421292,0,0
313,313,-111.936678,33.421289,1800,1800
314,0,-111.940029,33.417456,0,0
315,0,-111.939844,33.417455,0,0
318,0,-111.94007,33.427491,0,0
319,0,-111.940078,33.426035,0,0
321,0,-111.939954,33.422988,0,0
325,0,-111.926215,33.427509,0,0
327,0,-111.926293,33.429479,0,0
329,0,-111.926388,33.423883,0,0
330,0,-111.926401,33.422747,0,0
331,0,-111.926229,33.423339,0,0
332,0,-111.925889,33.42334,0,0
333,0,-111.926233,33.422836,0,0
334,0,-111.941344,33.429448,0,0
335,0,-111.940683,33.429511,0,0
336,0,-111.942468,33.429307,0,0
337,0,-111.942077,33.429538,0,0
338,0,-111.942624,33.429474,0,0
339,0,-111.940915,33.429599,0,0
340,0,-111.93506,33.430329,0,0
342,0,-111.936754,33.421991,0,0
343,0,-111.942847,33.429265,0,0
344,0,-111.942771,33.429194,0,0
346,0,-111.939266,33.424349,0,0
347,0,-111.943014,33.429643,0,0
348,0,-111.942867,33.429372,0,0
349,0,-111.943352,33.426028,0,0
350,0,-111.943079,33.427208,0,0
351,0,-111.941251,33.426127,0,0
352,0,-111.941274,33.425489,0,0
353,0,-111.944266,33.421894,0,0
354,0,-111.944248,33.420348,0,0
355,0,-111.944325,33.429145,0,0
357,0,-111.942772,33.427557,0,0
358,0,-111.914267,33.414681,0,0
359,359,-111.921572,33.411344,700,700
360,360,-111.920032,33.411354,600,600
361,361,-111.945773,33.426428,300,300
362,0,-111.944276,33.426894,0,0
363,0,-111.909115,33.413681,0,0
364,0,-111.909111,33.412465,0,0
365,365,-111.926299,33.404044,100,100
366,0,-111.926286,33.406628,0,0
367,0,-111.933991,33.422012,0,0
369,0,-111.939975,33.430198,0,0
370,0,-111.922081,33.41471,0,0
371,0,-111.932805,33.414764,0,0
372,0,-111.933708,33.417361,0,0
373,0,-111.939161,33.414506,0,0
374,374,-111.939643,33.414543,2100,2100
375,0,-111.909025,33.421242,0,0
376,0,-111.907664,33.417495,0,0
377,377,-111.896197,33.417541,0,0
378,0,-111.925684,33.407564,0,0
379,0,-111.926277,33.407507,0,0
380,0,-111.920555,33.418723,0,0
381,381,-111.936617,33.419094,1200,1200
382,382,-111.939502,33.427383,3800,3800
383,383,-111.916444,33.415736,1200,1200
385,385,-110.775571,32.088893,0,0
386,386,-110.798972,32.100284,0,0
387,0,-111.926299,33.419543,0,0
388,0,-111.926299,33.420237,0,0
389,0,-111.915457,33.407509,0,0
390,0,-111.915466,33.407442,0,0
391,0,-111.917703,33.407174,0,0
393,393,-111.933834,33.407303,1000,1000
394,394,-111.933888,33.405634,0,0
395,0,-111.931138,33.407523,0,0
396,0,-111.931138,33.407433,0,0
397,397,-111.931081,33.403427,0,0
398,398,-111.930589,33.407608,1000,1000
399,399,-111.926983,33.407641,1800,1800
400,0,-111.934941,33.409658,0,0
401,401,-111.935023,33.410754,1300,1300
402,0,-111.934891,33.409608,0,0
403,0,-111.934941,33.409605,0,0
404,0,-111.934465,33.409635,0,0
405,0,-111.934923,33.410332,0,0
406,0,-111.934915,33.409379,0,0
407,0,-111.934905,33.407106,0,0
408,408,-111.934913,33.399196,0,0
409,0,-111.934891,33.409661,0,0
410,0,-111.934615,33.409663,0,0
411,0,-111.939904,33.410608,0,0
412,0,-111.939884,33.408028,0,0
414,0,-111.939807,33.411426,0,0
415,0,-111.939883,33.412595,0,0
416,416,-111.93658,33.412911,1200,1200
417,0,-111.939789,33.410604,0,0
418,0,-111.939924,33.411432,0,0
419,419,-111.939666,33.411127,500,500
420,420,-111.939738,33.412842,500,500
421,421,-111.937961,33.412894,200,200
422,0,-111.936319,33.425503,0,0
423,0,-111.935352,33.425515,0,0
424,0,-111.942685,33.423443,0,0
425,0,-111.943218,33.424232,0,0
426,0,-111.942399,33.422483,0,0
427,0,-111.943351,33.424945,0,0
429,0,-111.943347,33.425481,0,0
431,431,-111.906459,33.429225,1000,1000
432,0,-111.90822,33.421991,0,0
433,433,-111.901136,33.422099,0,0
434,0,-111.909093,33.421982,0,0
435,0,-111.909093,33.421835,0,0
436,0,-111.909309,33.432505,0,0
437,0,-111.945163,33.429139,0,0
438,438,-111.952322,33.429097,0,0
439,0,-111.945055,33.42914,0,0
440,0,-111.944806,33.429142,0,0
442,0,-111.939835,33.417032,0,0
443,0,-111.940079,33.424691,0,0
444,0,-111.939962,33.428187,0,0
445,0,-111.909087,33.422857,0,0
447,0,-111.908934,33.407429,0,0
448,0,-111.909115,33.406852,0,0
449,449,-111.909128,33.402985,0,0
450,0,-111.92368,33.407443,0,0
451,0,-111.923073,33.407444,0,0
452,0,-111.909114,33.414622,0,0
453,453,-111.907171,33.414654,100,100
454,0,-111.907599,33.414846,0,0
455,0,-111.909114,33.414835,0,0
457,0,-111.936133,33.414744,0,0
458,0,-111.934217,33.414757,0,0
459,0,-111.93495,33.415505,0,0
460,0,-111.939874,33.407407,0,0
461,0,-111.93976,33.407408,0,0
462,0,-111.939808,33.406749,0,0
463,0,-111.939791,33.406808,0,0
464,0,-111.937494,33.430541,0,0
465,0,-111.939134,33.429766,0,0
466,0,-111.940575,33.431551,0,0
467,0,-111.942848,33.429613,0,0
468,0,-111.943241,33.430922,0,0
469,469,-111.946756,33.431063,100,100
470,0,-111.939883,33.412664,0,0
471,0,-111.939883,33.413069,0,0
472,0,-111.939967,33.416798,0,0
473,0,-111.9177,33.414638,0,0
474,0,-111.913696,33.414677,0,0
476,0,-111.913384,33.414839,0,0
477,0,-111.918646,33.414657,0,0
478,0,-111.921249,33.414709,0,0
479,0,-111.913378,33.414678,0,0
480,0,-111.911385,33.414873,0,0
481,0,-111.91059,33.4147,0,0
482,0,-111.919158,33.41466,0,0
483,0,-111.910571,33.4147,0,0
484,0,-111.910382,33.414697,0,0
485,0,-111.918992,33.414861,0,0
487,0,-111.931444,33.414664,0,0
488,0,-111.930015,33.414794,0,0
489,0,-111.93065,33.414788,0,0
490,0,-111.933521,33.414645,0,0
491,0,-111.932794,33.414646,0,0
492,0,-111.932218,33.414772,0,0
493,0,-111.926748,33.414692,0,0
494,0,-111.925876,33.414841,0,0
497,0,-111.92856,33.414678,0,0
498,0,-111.927372,33.414686,0,0
499,0,-111.929146,33.414667,0,0
500,0,-111.927369,33.414808,0,0
501,0,-111.940027,33.417428,0,0
502,0,-111.93985,33.418688,0,0
503,0,-111.939851,33.418737,0,0
504,0,-111.939866,33.419554,0,0
505,0,-111.939866,33.419777,0,0
506,0,-111.939896,33.421289,0,0
508,0,-111.939872,33.420016,0,0
509,0,-111.939861,33.419337,0,0
510,0,-111.939894,33.42117,0,0
511,0,-111.939881,33.420236,0,0
513,0,-111.940034,33.419437,0,0
514,0,-111.939958,33.425129,0,0
515,0,-111.940074,33.422527,0,0
516,0,-111.940065,33.423447,0,0
517,0,-111.939959,33.424012,0,0
518,0,-111.939964,33.427036,0,0
519,0,-111.939962,33.428431,0,0
520,0,-111.939964,33.426342,0,0
521,0,-111.939983,33.429071,0,0
522,0,-111.939984,33.429227,0,0
523,0,-111.940069,33.427761,0,0
525,0,-111.924883,33.422029,0,0
526,0,-111.91814,33.422018,0,0
527,0,-111.910209,33.421986,0,0
528,0,-111.910077,33.421985,0,0
529,0,-111.927388,33.422014,0,0
530,0,-111.927183,33.422017,0,0
533,0,-111.929598,33.422015,0,0
534,0,-111.928941,33.422019,0,0
535,0,-111.917703,33.422019,0,0
536,0,-111.917196,33.422016,0,0
537,0,-111.928599,33.422017,0,0
538,0,-111.92541,33.42203,0,0
539,0,-111.939018,33.421983,0,0
540,0,-111.940095,33.429733,0,0
541,0,-111.940129,33.430206,0,0
542,0,-111.944658,33.421895,0,0
543,0,-111.945106,33.421896,0,0
544,0,-111.943922,33.421896,0,0
545,0,-111.941746,33.42193,0,0
546,0,-111.94239,33.421928,0,0
547,0,-111.940748,33.421932,0,0
548,0,-111.942873,33.421927,0,0
549,0,-111.943038,33.421928,0,0
550,0,-111.929794,33.428796,0,0
551,0,-111.930533,33.42892,0,0
552,0,-111.917929,33.429196,0,0
553,0,-111.909958,33.429097,0,0
554,0,-111.925383,33.428834,0,0
555,0,-111.927926,33.428948,0,0
556,0,-111.928457,33.428872,0,0
557,0,-111.927214,33.428826,0,0
559,0,-111.929305,33.428784,0,0
560,0,-111.930126,33.4287,0,0
561,0,-111.930092,33.428697,0,0
562,0,-111.933259,33.42946,0,0
563,0,-111.933349,33.429474,0,0
564,0,-111.929306,33.428652,0,0
565,0,-111.933978,33.429643,0,0
566,0,-111.935755,33.430608,0,0
567,0,-111.934589,33.429813,0,0
568,0,-111.934056,33.42949,0,0
569,0,-111.936814,33.430687,0,0
570,0,-111.932192,33.429242,0,0
571,0,-111.943076,33.429697,0,0
572,0,-111.941784,33.429536,0,0
573,0,-111.943371,33.431226,0,0
574,0,-111.943354,33.43092,0,0
575,0,-111.92175,33.42926,0,0
576,0,-111.923982,33.428976,0,0
577,0,-111.92116,33.429257,0,0
578,0,-111.918604,33.429213,0,0
579,0,-111.917438,33.42933,0,0
580,0,-111.91792,33.429337,0,0
581,0,-111.909714,33.429122,0,0
582,582,-111.906219,33.429341,0,0
583,0,-111.908193,33.429374,0,0
584,0,-111.912634,33.429337,0,0
585,0,-111.908325,33.429368,0,0
587,0,-111.908552,33.40743,0,0
588,588,-111.904736,33.407435,0,0
589,0,-111.939156,33.407419,0,0
590,0,-111.934904,33.407449,0,0
591,0,-111.935418,33.407443,0,0
592,0,-111.938984,33.407423,0,0
593,0,-111.938544,33.407417,0,0
594,0,-111.940135,33.407405,0,0
595,0,-111.917698,33.414878,0,0
596,0,-111.916702,33.414871,0,0
597,597,-111.907163,33.41485,300,300
598,0,-111.90907,33.428552,0,0
599,0,-111.909107,33.417209,0,0
600,0,-111.909104,33.417777,0,0
601,0,-111.909023,33.421459,0,0
602,0,-111.909116,33.414123,0,0
603,0,-111.909115,33.415374,0,0
604,0,-111.926288,33.410513,0,0
605,0,-111.926294,33.412496,0,0
606,0,-111.926295,33.418424,0,0
607,0,-111.926294,33.418582,0,0
608,0,-111.926294,33.415501,0,0
609,0,-111.926301,33.416377,0,0
610,0,-111.9263,33.417378,0,0
611,0,-111.9263,33.417541,0,0
612,0,-111.926304,33.416838,0,0
613,0,-111.926283,33.428318,0,0
614,0,-111.926369,33.427512,0,0
615,0,-111.926297,33.419137,0,0
616,0,-111.926301,33.420284,0,0
617,0,-111.926295,33.414091,0,0
618,0,-111.926392,33.42089,0,0
619,0,-111.926302,33.420361,0,0
620,0,-111.926225,33.4242,0,0
621,0,-111.926239,33.421428,0,0
622,0,-111.926241,33.421881,0,0
623,0,-111.926379,33.425006,0,0
624,0,-111.926407,33.421874,0,0
625,0,-111.915438,33.407576,0,0
626,0,-111.917013,33.407576,0,0
627,0,-111.910631,33.407571,0,0
628,0,-111.91123,33.407571,0,0
629,0,-111.925201,33.407444,0,0
630,0,-111.924342,33.407444,0,0
631,0,-111.914832,33.407575,0,0
632,0,-111.911231,33.407439,0,0
633,0,-111.909926,33.407436,0,0
634,0,-111.912615,33.407574,0,0
635,0,-111.913248,33.407575,0,0
636,0,-111.91954,33.407444,0,0
637,0,-111.918374,33.407445,0,0
638,0,-111.925503,33.407445,0,0
639,0,-111.925198,33.407568,0,0
640,0,-111.920941,33.407444,0,0
641,0,-111.919974,33.407444,0,0
642,0,-111.921984,33.407577,0,0
643,0,-111.922612,33.407579,0,0
644,0,-111.924774,33.407572,0,0
645,0,-111.921418,33.407444,0,0
646,0,-111.91388,33.407441,0,0
647,0,-111.920942,33.407574,0,0
648,0,-111.923283,33.407579,0,0
649,0,-111.918937,33.407577,0,0
650,0,-111.91953,33.407577,0,0
651,0,-111.920478,33.407578,0,0
652,0,-111.916135,33.407443,0,0
653,0,-111.911924,33.407438,0,0
655,0,-111.927002,33.407509,0,0
656,0,-111.908543,33.407568,0,0
657,0,-111.908262,33.407567,0,0
658,658,-111.906757,33.407572,1000,1000
660,0,-111.909109,33.408518,0,0
661,0,-111.909108,33.408222,0,0
662,0,-111.926298,33.413129,0,0
663,0,-111.926273,33.407958,0,0
664,0,-111.926282,33.410049,0,0
665,0,-111.926283,33.410095,0,0
666,0,-111.926283,33.410154,0,0
667,0,-111.926284,33.410205,0,0
668,0,-111.92628,33.409846,0,0
669,0,-111.926281,33.409931,0,0
670,0,-111.920944,33.407526,0,0
672,0,-111.926226,33.423815,0,0
673,0,-111.931293,33.429031,0,0
674,0,-111.913648,33.414836,0,0
675,0,-111.928936,33.421587,0,0
676,0,-111.933381,33.417357,0,0
677,0,-111.93269,33.417363,0,0
678,0,-111.930175,33.417398,0,0
679,0,-111.926278,33.409487,0,0
680,0,-111.926274,33.408354,0,0
681,0,-111.929147,33.414801,0,0
682,0,-111.919647,33.429349,0,0
683,0,-111.924055,33.414821,0,0
684,0,-111.913249,33.407514,0,0
685,0,-111.922613,33.407514,0,0
686,0,-111.923698,33.407522,0,0
687,687,-111.941869,33.423497,2900,2900
688,0,-111.941469,33.42383,0,0
689,0,-111.942465,33.428443,0,0
690,0,-111.942554,33.427943,0,0
691,0,-111.942625,33.428976,0,0
692,0,-111.942702,33.429106,0,0
693,0,-111.931248,33.429137,0,0
694,0,-111.932231,33.429431,0,0
695,0,-111.938187,33.430013,0,0
696,0,-111.909178,33.421171,0,0
697,0,-111.934321,33.429849,0,0
698,0,-111.923292,33.429261,0,0
699,0,-111.911908,33.42925,0,0
700,0,-111.926503,33.409755,0,0
701,0,-111.939892,33.413503,0,0
703,0,-111.942391,33.421224,0,0
704,0,-111.93495,33.415074,0,0
705,705,-111.939795,33.405988,200,200
706,0,-111.917704,33.421654,0,0
707,0,-111.917682,33.42223,0,0
708,708,-111.917668,33.423721,1000,1000
709,0,-111.917695,33.408003,0,0
710,710,-111.915406,33.401149,0,0
711,0,-111.934909,33.407991,0,0
712,0,-111.925478,33.41958,0,0
713,0,-111.930649,33.414738,0,0
714,0,-111.930575,33.415263,0,0
715,0,-111.930116,33.415911,0,0
716,0,-111.92888,33.419587,0,0
717,0,-111.928906,33.420049,0,0
718,0,-111.928962,33.42087,0,0
719,0,-111.92895,33.42123,0,0
720,0,-111.928952,33.421203,0,0
721,0,-111.92932,33.422626,0,0
722,0,-111.929114,33.422475,0,0
723,0,-111.929041,33.422393,0,0
724,0,-111.935836,33.425509,0,0
726,0,-111.926977,33.418911,0,0
727,727,-111.940632,33.433383,500,500
728,0,-111.94511,33.429446,0,0
729,0,-111.919549,33.407292,0,0
730,0,-111.919591,33.406981,0,0
731,0,-111.919576,33.406754,0,0
732,0,-111.91951,33.40698,0,0
733,0,-111.919686,33.406905,0,0
734,0,-111.919683,33.406826,0,0
735,735,-111.928349,33.41263,1600,1600
736,0,-111.925794,33.410127,0,0
737,0,-111.925567,33.410129,0,0
738,0,-111.923542,33.410151,0,0
739,0,-111.921192,33.40583,0,0
740,0,-111.932778,33.41357,0,0
741,0,-111.945132,33.430554,0,0
742,0,-111.943213,33.430315,0,0
743,0,-111.943042,33.429831,0,0
744,0,-111.930222,33.415909,0,0
745,0,-111.941187,33.420482,0,0
746,0,-111.939719,33.420494,0,0
747,0,-111.939202,33.420496,0,0
748,748,-111.945364,33.430548,200,200
749,749,-111.94493,33.430559,200,200
750,750,-111.945009,33.429446,900,900
751,751,-111.945217,33.42945,100,100
752,0,-111.934072,33.407455,0,0
753,0,-111.936499,33.407435,0,0
754,0,-111.910445,33.413319,0,0
755,0,-111.91045,33.41271,0,0
756,756,-111.937764,33.42429,1400,1400
757,0,-111.941247,33.426455,0,0
758,0,-111.926172,33.410153,0,0
759,759,-111.9472,33.407379,0,0
760,0,-111.943876,33.407377,0,0
761,0,-111.942328,33.42047,0,0
762,0,-111.942331,33.420482,0,0
763,0,-111.942372,33.420509,0,0
764,0,-111.942421,33.42047,0,0
765,0,-111.941231,33.420445,0,0
766,0,-111.941187,33.420489,0,0
767,0,-111.94128,33.420483,0,0
768,0,-111.945101,33.42547,0,0
769,769,-111.945779,33.425475,400,400
770,0,-111.933988,33.421923,0,0
771,0,-111.927564,33.4187,0,0
772,772,-111.927706,33.418646,2000,2000
773,773,-111.939101,33.42445,1000,1000
774,774,-111.945318,33.421897,900,900
775,0,-111.938908,33.420428,0,0
776,0,-111.909113,33.409065,0,0
777,0,-111.909057,33.410527,0,0
778,0,-111.909059,33.41149,0,0
779,0,-111.909166,33.410527,0,0
780,0,-111.909167,33.41149,0,0
781,0,-111.934957,33.414684,0,0
782,0,-111.939941,33.419056,0,0
783,0,-111.936662,33.42195,0,0
784,0,-111.940016,33.427385,0,0
785,0,-111.939908,33.414747,0,0
786,0,-111.926283,33.42884,0,0
787,0,-111.94002,33.425492,0,0
788,0,-111.926303,33.424504,0,0
789,0,-111.930764,33.421997,0,0
790,0,-111.912408,33.414863,0,0
791,0,-111.940028,33.429624,0,0
792,0,-111.938146,33.421942,0,0
793,0,-111.926325,33.422028,0,0
794,0,-111.936609,33.41467,0,0
795,0,-111.909087,33.429252,0,0
796,0,-111.934969,33.421959,0,0
797,0,-111.917697,33.407511,0,0
798,0,-111.940013,33.423192,0,0
799,0,-111.93954,33.41602,0,0
800,0,-111.922437,33.416756,0,0
801,0,-111.92629,33.414768,0,0
802,0,-111.909274,33.432035,0,0
803,0,-111.909105,33.407501,0,0
804,0,-111.939965,33.420492,0,0
805,0,-111.947356,33.430878,0,0
806,0,-111.940021,33.426464,0,0
807,0,-111.912406,33.414677,0,0
808,0,-111.940012,33.424345,0,0
809,0,-111.939957,33.421935,0,0
