link_id,from_node_id,to_node_id,volume,ref_volume,base_volume,obs_volume,capacity,D,doc,fftt,travel_time,VDF_alpha,VDF_beta,VDF_plf,speed,VMT,VHT,PMT,PHT,VHT_QVDF,PHT_QVDF,geometry,P,t0,t2,t3,vt2,mu,Q_gamma,free_speed,cutoff_speed,congestion_ref_speed,avg_queue_speed,avg_QVDF_period_speed,avg_QVDF_period_travel_time,Severe_Congestion_P,spd_07:00,spd_07:05,spd_07:10,spd_07:15,spd_07:20,spd_07:25,spd_07:30,spd_07:35,spd_07:40,spd_07:45,spd_07:50,spd_07:55
1,0,1,1250.448037155092,0.0,0.0,-1.0,2300.0,0,0,0.11242624305615967,0.11389960758408799,0.15,4,1.0,73.61573833485153,0.001473364527928317,174.7460223173352,2.3737590122709675,174.7460223173352,2.3737590122709675,0.0,0.0,,1250.448037155092,0,0,0,0,0,0,0,74.58048477315103,0.0,0,0,0,0.0,0,0,0,0,0,0,0,0,0,0,0,0,0
2,0,11,832.4650262783117,0.0,0.0,-1.0,36800.0,0,0,0.5122688946134084,0.5122688946920083,0.15,4,1.0,65.25792416649432,7.85999043628749e-11,463.81627901047074,7.107432314689073,463.81627901047074,7.107432314689073,0.0,0.0,,832.4650262783117,0,0,0,0,0,0,0,65.25792417650715,0.0,0,0,0,0.0,0,0,0,0,0,0,0,0,0,0,0,0,0
3,1,71,1250.448037155092,0.0,0.0,-1.0,14400.0,0,0,0.07325014641095108,0.07325015412402272,0.15,4,1.0,39.77625435733261,7.713071639714464e-09,60.722106020897044,1.5265918574282027,60.722106020897044,1.5265918574282027,0.0,0.0,,1250.448037155092,0,0,0,0,0,0,0,39.77625854568055,0.0,0,0,0,0.0,0,0,0,0,0,0,0,0,0,0,0,0,0
4,2,3,1031.939201101502,0.0,0.0,-1.0,2300.0,0,0,0.019255931002771325,0.019372978162281892,0.15,4,1.0,23.93527781575056,0.00011704715951056655,24.699751467328134,0.333195593462367,24.699751467328134,0.333195593462367,0.0,0.0,,1031.939201101502,0,0,0,0,0,0,0,74.58048477315103,0.0,0,0,0,0.0,0,0,0,0,0,0,0,0,0,0,0,0,0
5,2,198,1031.6960383324674,0.0,0.0,-1.0,36800.0,0,0,0.021612575874049522,0.021612575881872525,0.15,4,1.0,23.50653062746219,7.823002662332712e-12,24.25159452329355,0.37162681525812863,24.25159452329355,0.37162681525812863,0.0,0.0,,1031.6960383324674,0,0,0,0,0,0,0,65.25792417650715,0.0,0,0,0,0.0,0,0,0,0,0,0,0,0,0,0,0,0,0
6,4,5,1388.318368107511,0.0,0.0,-1.0,9200.0,0,0,0.050439341593448254,0.050439586807669974,0.15,4,1.0,62.69650912796551,2.4521422171963625e-07,87.04271523857476,1.1671034140806922,87.04271523857476,1.1671034140806922,0.0,0.0,,1388.318368107511,0,0,0,0,0,0,0,74.58048477315103,0.0,0,0,0,0.0,0,0,0,0,0,0,0,0,0,0,0,0,0
7,4,22,0.0,0.0,0.0,-1.0,1600.0,0,0,0.8466273480122287,0.8466273480122287,0.15,4,1.0,39.77625854568055,0.0,0.0,0.0,0.0,0.0,0.0,0.0,,0.0,0,0,0,0,0,0,0,39.77625854568055,0.0,0,0,0,0.0,0,0,0,0,0,0,0,0,0,0,0,0,0
8,5,186,1388.318368107511,0.0,0.0,-1.0,2300.0,0,0,0.12544349236332905,0.12794144574924718,0.15,4,1.0,73.12436104896213,0.002497953385918128,216.47669932574775,2.960390986265175,216.47669932574775,2.960390986265175,0.0,0.0,,1388.318368107511,0,0,0,0,0,0,0,74.58048477315103,0.0,0,0,0,0.0,0,0,0,0,0,0,0,0,0,0,0,0,0
9,6,7,897.8350182343349,0.0,0.0,-1.0,9200.0,0,0,0.06770069407334683,0.06770075164374707,0.15,4,1.0,74.58042135246139,5.757040023868232e-08,75.55507010294654,1.013068426442364,75.55507010294654,1.013068426442364,0.0,0.0,,897.8350182343349,0,0,0,0,0,0,0,74.58048477315103,0.0,0,0,0,0.0,0,0,0,0,0,0,0,0,0,0,0,0,0
10,6,207,0.0,0.0,0.0,-1.0,1600.0,0,0,0.3833939844905365,0.3833939844905365,0.15,4,1.0,39.77625854568055,0.0,0.0,0.0,0.0,0.0,0.0,0.0,,0.0,0,0,0,0,0,0,0,39.77625854568055,0.0,0,0,0,0.0,0,0,0,0,0,0,0,0,0,0,0,0,0
11,7,191,897.8350182343349,0.0,0.0,-1.0,2300.0,0,0,0.07640885394012452,0.07667499370042861,0.15,4,1.0,74.32161507674859,0.00026613976030409603,85.27351742771452,1.147358239452364,85.27351742771452,1.147358239452364,0.0,0.0,,897.8350182343349,0,0,0,0,0,0,0,74.58048477315103,0.0,0,0,0,0.0,0,0,0,0,0,0,0,0,0,0,0,0,0
12,8,9,90.37896865918735,0.0,0.0,-1.0,2300.0,0,0,0.13078236419898842,0.13078241097235432,0.15,4,1.0,74.58045809999003,4.677336590264147e-08,14.692324667638037,0.19699965704072284,14.692324667638037,0.19699965704072284,0.0,0.0,,90.37896865918735,0,0,0,0,0,0,0,74.58048477315103,0.0,0,0,0,0.0,0,0,0,0,0,0,0,0,0,0,0,0,0
13,8,196,109.62103134081266,0.0,0.0,-1.0,36800.0,0,0,0.4876512394610747,0.48765123946109723,0.15,4,1.0,65.25792417650412,2.2537527399890678e-14,58.14136461007462,0.8909471967391848,58.14136461007462,0.8909471967391848,0.0,0.0,,109.62103134081266,0,0,0,0,0,0,0,65.25792417650715,0.0,0,0,0,0.0,0,0,0,0,0,0,0,0,0,0,0,0,0
14,9,205,90.37896865918735,0.0,0.0,-1.0,6400.0,0,0,0.029665606319982104,0.02966560633104259,0.15,4,1.0,19.666447114966385,1.106048586052566e-11,1.7774332074411123,0.044685781747484804,1.7774332074411123,0.044685781747484804,0.0,0.0,,90.37896865918735,0,0,0,0,0,0,0,39.77625854568055,0.0,0,0,0,0.0,0,0,0,0,0,0,0,0,0,0,0,0,0
15,10,11,1231.1702131556576,0.0,0.0,-1.0,2300.0,0,0,0.09098077472752805,0.09210124914255548,0.15,4,1.0,73.67316238798648,0.0011204744150274254,139.23284004270675,1.8898719089790392,139.23284004270675,1.8898719089790392,0.0,0.0,,1231.1702131556576,0,0,0,0,0,0,0,74.58048477315103,0.0,0,0,0,0.0,0,0,0,0,0,0,0,0,0,0,0,0,0
16,11,2,2063.635239433969,0.0,0.0,-1.0,57500.0,0,0,0.4243617561058748,0.4243617562748441,0.15,4,1.0,65.25792415052321,1.689693385209523e-10,952.4697201953335,14.595464575280962,952.4697201953335,14.595464575280962,0.0,0.0,,2063.635239433969,0,0,0,0,0,0,0,65.25792417650715,0.0,0,0,0,0.0,0,0,0,0,0,0,0,0,0,0,0,0,0
17,12,13,533.8619852626305,0.0,0.0,-1.0,2300.0,0,0,0.11533062932630768,0.11538084514705406,0.15,4,1.0,74.54802600367526,5.021582074637987e-05,76.53280140923701,1.0266241175247737,76.53280140923701,1.0266241175247737,0.0,0.0,,533.8619852626305,0,0,0,0,0,0,0,74.58048477315103,0.0,0,0,0,0.0,0,0,0,0,0,0,0,0,0,0,0,0,0
18,12,41,1186.0783399670656,0.0,0.0,-1.0,36800.0,0,0,0.4326857114451532,0.4326857117187343,0.15,4,1.0,65.25792413524547,2.7358110221697984e-10,558.1718540255365,8.553319178047078,558.1718540255365,8.553319178047078,0.0,0.0,,1186.0783399670656,0,0,0,0,0,0,0,65.25792417650715,0.0,0,0,0,0.0,0,0,0,0,0,0,0,0,0,0,0,0,0
19,13,184,533.8619852626305,0.0,0.0,-1.0,9200.0,0,0,0.015106807759702735,0.01510680936556635,0.15,4,1.0,18.77788410155716,1.6058636156945916e-09,10.024798485488892,0.13441585398142253,10.024798485488892,0.13441585398142253,0.0,0.0,,533.8619852626305,0,0,0,0,0,0,0,74.58048477315103,0.0,0,0,0,0.0,0,0,0,0,0,0,0,0,0,0,0,0,0
20,14,15,3623.0635818391493,0.0,0.0,-1.0,9200.0,0,0,0.038056958131905,0.03806553952629302,0.15,4,1.0,47.30510644114979,8.581394388015862e-06,171.38940838195438,2.298564499679515,171.38940838195438,2.298564499679515,0.0,0.0,,3623.0635818391493,0,0,0,0,0,0,0,74.58048477315103,0.0,0,0,0,0.0,0,0,0,0,0,0,0,0,0,0,0,0,0
21,14,201,0.0,0.0,0.0,-1.0,1600.0,0,0,0.20682504551555297,0.20682504551555297,0.15,4,1.0,39.77625854568055,0.0,0.0,0.0,0.0,0.0,0.0,0.0,,0.0,0,0,0,0,0,0,0,39.77625854568055,0.0,0,0,0,0.0,0,0,0,0,0,0,0,0,0,0,0,0,0
22,15,196,3623.0635818391493,0.0,0.0,-1.0,2300.0,0,0,0.06681088210073695,0.1285173862697458,0.15,4,1.0,38.771314293121414,0.061706504169008844,300.882627482572,7.7604443637845115,300.882627482572,7.7604443637845115,0.0,0.0,,3623.0635818391493,0,0,0,0,0,0,0,74.58048477315103,0.0,0,0,0,0.0,0,0,0,0,0,0,0,0,0,0,0,0,0
23,16,17,1156.5151839831353,0.0,0.0,-1.0,2300.0,0,0,0.15980123218213677,0.16133360837042,0.15,4,1.0,73.8721056565407,0.0015323761882832243,229.72349463996974,3.1097461294529896,229.72349463996974,3.1097461294529896,0.0,0.0,,1156.5151839831353,0,0,0,0,0,0,0,74.58048477315103,0.0,0,0,0,0.0,0,0,0,0,0,0,0,0,0,0,0,0,0
24,16,193,2576.1694291968265,0.0,0.0,-1.0,36800.0,0,0,0.07697230630480287,0.07697230738796186,0.15,4,1.0,65.25792325819367,1.0831589930537788e-09,215.67058992859708,3.3048950864601396,215.67058992859708,3.3048950864601396,0.0,0.0,,2576.1694291968265,0,0,0,0,0,0,0,65.25792417650715,0.0,0,0,0,0.0,0,0,0,0,0,0,0,0,0,0,0,0,0
25,17,215,1156.5151839831353,0.0,0.0,-1.0,14400.0,0,0,0.04676199365889123,0.046761997261811454,0.15,4,1.0,31.00028583145886,3.602920226053463e-09,35.85230127189943,0.9013493311110458,35.85230127189943,0.9013493311110458,0.0,0.0,,1156.5151839831353,0,0,0,0,0,0,0,39.77625854568055,0.0,0,0,0,0.0,0,0,0,0,0,0,0,0,0,0,0,0,0
26,18,19,896.8347234663376,0.0,0.0,-1.0,2300.0,0,0,0.1139509208743957,0.11434605761537985,0.15,4,1.0,74.32276281658471,0.0003951367409841394,127.02938795664784,1.7091585826825846,127.02938795664784,1.7091585826825846,0.0,0.0,,896.8347234663376,0,0,0,0,0,0,0,74.58048477315103,0.0,0,0,0,0.0,0,0,0,0,0,0,0,0,0,0,0,0,0
27,19,195,2082.9130634334033,0.0,0.0,-1.0,57500.0,0,0,0.34582406629869566,0.34582406644161123,0.15,4,1.0,65.25792414953861,1.4291556826862006e-10,783.4447261346315,12.005357760681555,783.4447261346315,12.005357760681555,0.0,0.0,,2082.9130634334033,0,0,0,0,0,0,0,65.25792417650715,0.0,0,0,0,0.0,0,0,0,0,0,0,0,0,0,0,0,0,0
28,20,21,0.0,0.0,0.0,-1.0,1800.0,0,0,0.0846871046515963,0.0846871046515963,0.15,4,1.0,49.720323182100685,0.0,0.0,0.0,0.0,0.0,0.0,0.0,,0.0,0,0,0,0,0,0,0,49.720323182100685,0.0,0,0,0,0.0,0,0,0,0,0,0,0,0,0,0,0,0,0
29,20,136,3200.9113386845925,0.0,0.0,-1.0,16200.0,0,0,0.07729200065451261,0.07729221881460578,0.15,4,1.0,44.74816456021537,2.1816009317110474e-07,184.51572998233416,4.123425659929371,184.51572998233416,4.123425659929371,0.0,0.0,,3200.9113386845925,0,0,0,0,0,0,0,44.74829086389062,0.0,0,0,0,0.0,0,0,0,0,0,0,0,0,0,0,0,0,0
30,21,136,0.0,0.0,0.0,-1.0,1800.0,0,0,0.039434167111983796,0.039434167111983796,0.15,4,1.0,32.677992220413344,0.0,0.0,0.0,0.0,0.0,0.0,0.0,,0.0,0,0,0,0,0,0,0,49.720323182100685,0.0,0,0,0,0.0,0,0,0,0,0,0,0,0,0,0,0,0,0
31,22,210,0.0,0.0,0.0,-1.0,1600.0,0,0,0.013028496930418682,0.013028496930418682,0.15,4,1.0,8.637081039432314,0.0,0.0,0.0,0.0,0.0,0.0,0.0,,0.0,0,0,0,0,0,0,0,39.77625854568055,0.0,0,0,0,0.0,0,0,0,0,0,0,0,0,0,0,0,0,0
32,23,24,3200.9113386845925,0.0,0.0,-1.0,16200.0,0,0,0.07021849536663063,0.07021869356144203,0.15,4,1.0,44.748164560215365,1.9819481139604633e-07,167.62946774723642,3.7460635401406432,167.62946774723642,3.7460635401406432,0.0,0.0,,3200.9113386845925,0,0,0,0,0,0,0,44.74829086389062,0.0,0,0,0,0.0,0,0,0,0,0,0,0,0,0,0,0,0,0
33,24,45,3200.9113386845925,0.0,0.0,-1.0,16200.0,0,0,0.2058231738890891,0.20582375483410817,0.15,4,1.0,44.748164560215365,5.809450190630283e-07,491.35244081961656,10.980393176985576,491.35244081961656,10.980393176985576,0.0,0.0,,3200.9113386845925,0,0,0,0,0,0,0,44.74829086389062,0.0,0,0,0,0.0,0,0,0,0,0,0,0,0,0,0,0,0,0
34,25,26,0.0,0.0,0.0,-1.0,2300.0,0,0,0.04288093876993053,0.04288093876993053,0.15,4,1.0,53.301353349820424,0.0,0.0,0.0,0.0,0.0,0.0,0.0,,0.0,0,0,0,0,0,0,0,74.58048477315103,0.0,0,0,0,0.0,0,0,0,0,0,0,0,0,0,0,0,0,0
35,26,35,500.0,0.0,0.0,-1.0,2300.0,0,0,0.14506934519741013,0.1451179451206246,0.15,4,1.0,74.55550780817086,4.8599923214459606e-05,90.16118408788697,1.2093162093385383,90.16118408788697,1.2093162093385383,0.0,0.0,,500.0,0,0,0,0,0,0,0,74.58048477315103,0.0,0,0,0,0.0,0,0,0,0,0,0,0,0,0,0,0,0,0
36,27,25,0.0,0.0,0.0,-1.0,2300.0,0,0,0.0467351243366846,0.0467351243366846,0.15,4,1.0,58.09213714939043,0.0,0.0,0.0,0.0,0.0,0.0,0.0,,0.0,0,0,0,0,0,0,0,74.58048477315103,0.0,0,0,0,0.0,0,0,0,0,0,0,0,0,0,0,0,0,0
37,27,40,0.0,0.0,0.0,-1.0,6400.0,0,0,0.5489402526812233,0.5489402526812233,0.15,4,1.0,39.77625854568055,0.0,0.0,0.0,0.0,0.0,0.0,0.0,,0.0,0,0,0,0,0,0,0,39.77625854568055,0.0,0,0,0,0.0,0,0,0,0,0,0,0,0,0,0,0,0,0
38,28,29,960.4707654492391,0.0,0.0,-1.0,2300.0,0,0,0.17453311916686343,0.17532926819092312,0.15,4,1.0,74.24182380240322,0.0007961490240596947,208.37036490048553,2.806643940416514,208.37036490048553,2.806643940416514,0.0,0.0,,960.4707654492391,0,0,0,0,0,0,0,74.58048477315103,0.0,0,0,0,0.0,0,0,0,0,0,0,0,0,0,0,0,0,0
39,28,36,1913.8762733760957,0.0,0.0,-1.0,57500.0,0,0,0.2594880243720141,0.2594880244484527,0.15,4,1.0,65.25792415728381,7.643857768968587e-11,540.148510176484,8.277132886952165,540.148510176484,8.277132886952165,0.0,0.0,,1913.8762733760957,0,0,0,0,0,0,0,65.25792417650715,0.0,0,0,0,0.0,0,0,0,0,0,0,0,0,0,0,0,0,0
40,29,170,960.4707654492391,0.0,0.0,-1.0,14400.0,0,0,0.06871360503374055,0.06871360755220375,0.15,4,1.0,39.77625708781729,2.518463201872656e-09,43.752166611830766,1.0999568540407294,43.752166611830766,1.0999568540407294,0.0,0.0,,960.4707654492391,0,0,0,0,0,0,0,39.77625854568055,0.0,0,0,0,0.0,0,0,0,0,0,0,0,0,0,0,0,0,0
41,30,31,268.3780428778148,0.0,0.0,-1.0,2300.0,0,0,0.1326369722992034,0.1326406606518763,0.15,4,1.0,74.57841090583909,3.688352672892581e-06,44.247173447979044,0.5932973485295157,44.247173447979044,0.5932973485295157,0.0,0.0,,268.3780428778148,0,0,0,0,0,0,0,74.58048477315103,0.0,0,0,0,0.0,0,0,0,0,0,0,0,0,0,0,0,0,0
42,30,51,331.6219571221853,0.0,0.0,-1.0,57500.0,0,0,0.17226645528157947,0.1722664552816252,0.15,4,1.0,65.25792417648982,4.574118861455645e-14,62.13352599888931,0.9521223174498993,62.13352599888931,0.9521223174498993,0.0,0.0,,331.6219571221853,0,0,0,0,0,0,0,65.25792417650715,0.0,0,0,0,0.0,0,0,0,0,0,0,0,0,0,0,0,0,0
43,31,52,268.3780428778148,0.0,0.0,-1.0,8800.0,0,0,0.2515530939701989,0.2515530960103305,0.15,4,1.0,39.77625822308941,2.0401315636853212e-09,44.75579998480615,1.1251887931184588,44.75579998480615,1.1251887931184588,0.0,0.0,,268.3780428778148,0,0,0,0,0,0,0,39.77625854568055,0.0,0,0,0,0.0,0,0,0,0,0,0,0,0,0,0,0,0,0
44,32,29,0.0,0.0,0.0,-1.0,6400.0,0,0,0.9099702129444369,0.9099702129444369,0.15,4,1.0,39.77625854568055,0.0,0.0,0.0,0.0,0.0,0.0,0.0,,0.0,0,0,0,0,0,0,0,39.77625854568055,0.0,0,0,0,0.0,0,0,0,0,0,0,0,0,0,0,0,0,0
45,32,33,830.6122404703285,0.0,0.0,-1.0,2300.0,0,0,0.04466556165881665,0.044779519974585846,0.15,4,1.0,55.51965401966023,0.00011395831576919285,46.11530421540747,0.619906956887943,46.11530421540747,0.619906956887943,0.0,0.0,,830.6122404703285,0,0,0,0,0,0,0,74.58048477315103,0.0,0,0,0,0.0,0,0,0,0,0,0,0,0,0,0,0,0,0
46,33,34,830.6122404703285,0.0,0.0,-1.0,2300.0,0,0,0.10556269340226428,0.1058320227535903,0.15,4,1.0,74.39068670388139,0.00026932935132602254,108.98901836785221,1.465089558881107,108.98901836785221,1.465089558881107,0.0,0.0,,830.6122404703285,0,0,0,0,0,0,0,74.58048477315103,0.0,0,0,0,0.0,0,0,0,0,0,0,0,0,0,0,0,0,0
47,34,28,2874.3470388253354,0.0,0.0,-1.0,57500.0,0,0,0.18046472289438972,0.18046472316484094,0.15,4,1.0,65.25792407870917,2.7045121697710783e-10,564.1745949421172,8.645304044021575,564.1745949421172,8.645304044021575,0.0,0.0,,2874.3470388253354,0,0,0,0,0,0,0,65.25792417650715,0.0,0,0,0,0.0,0,0,0,0,0,0,0,0,0,0,0,0,0
48,35,30,600.0,0.0,0.0,-1.0,82800.0,0,0,0.12837858643028466,0.12837858643032563,0.15,4,1.0,65.25792417648631,4.0967229608668276e-14,83.77720059154686,1.2837858643032563,83.77720059154686,1.2837858643032563,0.0,0.0,,600.0,0,0,0,0,0,0,0,65.25792417650715,0.0,0,0,0,0.0,0,0,0,0,0,0,0,0,0,0,0,0,0
49,36,37,956.8050416694277,0.0,0.0,-1.0,20700.0,0,0,0.04089363143784522,0.0408936317835253,0.15,4,1.0,37.27615047162191,3.4568008178137433e-10,35.666008705276056,0.6521205510441692,35.666008705276056,0.6521205510441692,0.0,0.0,,956.8050416694277,0,0,0,0,0,0,0,54.692355500310754,0.0,0,0,0,0.0,0,0,0,0,0,0,0,0,0,0,0,0,0
50,36,93,957.071231706668,0.0,0.0,-1.0,20700.0,0,0,0.03811194651223483,0.038111946834759575,0.15,4,1.0,41.45177526190861,3.2252474302385536e-10,39.67230160634286,0.6079307983313732,39.67230160634286,0.6079307983313732,0.0,0.0,,957.071231706668,0,0,0,0,0,0,0,65.25792417650715,0.0,0,0,0,0.0,0,0,0,0,0,0,0,0,0,0,0,0,0
51,38,39,100.0,0.0,0.0,-1.0,9200.0,0,0,0.022330281357575157,0.022330281360497386,0.15,4,1.0,27.756720146146872,2.9222284314567304e-12,2.775672014614687,0.037217135600828975,2.775672014614687,0.037217135600828975,0.0,0.0,,100.0,0,0,0,0,0,0,0,74.58048477315103,0.0,0,0,0,0.0,0,0,0,0,0,0,0,0,0,0,0,0,0
52,39,35,100.0,0.0,0.0,-1.0,57500.0,0,0,0.3093860517798778,0.3093860517798785,0.15,4,1.0,65.257924176507,6.661338147750939e-16,33.64981918053363,0.5156434196331309,33.64981918053363,0.5156434196331309,0.0,0.0,,100.0,0,0,0,0,0,0,0,65.25792417650715,0.0,0,0,0,0.0,0,0,0,0,0,0,0,0,0,0,0,0,0
53,40,202,0.0,0.0,0.0,-1.0,1600.0,0,0,0.13201897788845116,0.13201897788845116,0.15,4,1.0,39.77625854568055,0.0,0.0,0.0,0.0,0.0,0.0,0.0,,0.0,0,0,0,0,0,0,0,39.77625854568055,0.0,0,0,0,0.0,0,0,0,0,0,0,0,0,0,0,0,0,0
54,41,19,1186.0783399670656,0.0,0.0,-1.0,36800.0,0,0,0.07950320006959376,0.07950320011986252,0.15,4,1.0,65.25792413524547,5.0268761375704685e-11,102.5604668931468,1.571617060337266,102.5604668931468,1.571617060337266,0.0,0.0,,1186.0783399670656,0,0,0,0,0,0,0,65.25792417650715,0.0,0,0,0,0.0,0,0,0,0,0,0,0,0,0,0,0,0,0
55,42,23,3200.9113386845925,0.0,0.0,-1.0,16200.0,0,0,0.11710025538419477,0.11710058590484904,0.15,4,1.0,44.74816456021537,3.3052065426253385e-07,279.5481928319184,6.247143219824007,279.5481928319184,6.247143219824007,0.0,0.0,,3200.9113386845925,0,0,0,0,0,0,0,44.74829086389062,0.0,0,0,0,0.0,0,0,0,0,0,0,0,0,0,0,0,0,0
56,43,44,1700.0,0.0,0.0,-1.0,16200.0,0,0,0.11315942146055732,0.11315944687219098,0.15,4,1.0,44.74828081499761,2.541163365843424e-08,143.47123665602047,3.206184328045411,143.47123665602047,3.206184328045411,0.0,0.0,,1700.0,0,0,0,0,0,0,0,44.74829086389062,0.0,0,0,0,0.0,0,0,0,0,0,0,0,0,0,0,0,0,0
57,44,118,1700.0,0.0,0.0,-1.0,16200.0,0,0,0.25663743625751345,0.25663749388927254,0.15,4,1.0,44.7482808149976,5.763175908723994e-08,325.3824549194079,7.271395660196055,325.3824549194079,7.271395660196055,0.0,0.0,,1700.0,0,0,0,0,0,0,0,44.74829086389062,0.0,0,0,0,0.0,0,0,0,0,0,0,0,0,0,0,0,0,0
58,45,46,3200.9113386845925,0.0,0.0,-1.0,16200.0,0,0,0.021678752366394504,0.021678813555632667,0.15,4,1.0,16.16811860762797,6.118923816245125e-08,51.75271417635372,1.156532668657564,51.75271417635372,1.156532668657564,0.0,0.0,,3200.9113386845925,0,0,0,0,0,0,0,44.74829086389062,0.0,0,0,0,0.0,0,0,0,0,0,0,0,0,0,0,0,0,0
59,47,48,100.0,0.0,0.0,-1.0,7200.0,0,0,0.13791252418175565,0.13791252422986672,0.15,4,1.0,44.748290848280085,4.811107068292131e-11,10.285582909764251,0.22985420704977785,10.285582909764251,0.22985420704977785,0.0,0.0,,100.0,0,0,0,0,0,0,0,44.74829086389062,0.0,0,0,0,0.0,0,0,0,0,0,0,0,0,0,0,0,0,0
60,48,92,100.0,0.0,0.0,-1.0,7200.0,0,0,0.11783343378859243,0.11783343382969887,0.15,4,1.0,44.748290848280085,4.110643769816846e-11,8.788074614438218,0.19638905638283147,8.788074614438218,0.19638905638283147,0.0,0.0,,100.0,0,0,0,0,0,0,0,44.74829086389062,0.0,0,0,0,0.0,0,0,0,0,0,0,0,0,0,0,0,0,0
61,50,177,1700.0000000000002,0.0,0.0,-1.0,19800.0,0,0,0.04936769304497496,0.04936769801300254,0.15,4,1.0,32.727702039345324,4.9680275795993545e-09,55.63709346688706,1.3987514437017388,55.63709346688706,1.3987514437017388,0.0,0.0,,1700.0000000000002,0,0,0,0,0,0,0,39.77625854568055,0.0,0,0,0,0.0,0,0,0,0,0,0,0,0,0,0,0,0,0
62,50,199,848.1400185969684,0.0,0.0,-1.0,19800.0,0,0,0.023653001851690756,0.023653001999160175,0.15,4,1.0,24.500727006101883,1.474694186209824e-10,20.780047058594498,0.334350959257364,20.780047058594498,0.334350959257364,0.0,0.0,,848.1400185969684,0,0,0,0,0,0,0,62.15040397762586,0.0,0,0,0,0.0,0,0,0,0,0,0,0,0,0,0,0,0,0
63,51,189,331.6219571221853,0.0,0.0,-1.0,36800.0,0,0,0.03526112035279769,0.03526112035293394,0.15,4,1.0,38.35112530602607,1.3625212069712234e-13,12.718075231822533,0.1948893623626812,12.718075231822533,0.1948893623626812,0.0,0.0,,331.6219571221853,0,0,0,0,0,0,0,65.25792417650715,0.0,0,0,0,0.0,0,0,0,0,0,0,0,0,0,0,0,0,0
64,52,173,268.3780428778148,0.0,0.0,-1.0,19800.0,0,0,0.06415831761778121,0.0641583176217916,0.15,4,1.0,39.77625854319423,4.010389242914414e-12,11.414913588791942,0.28697806196116077,11.414913588791942,0.28697806196116077,0.0,0.0,,268.3780428778148,0,0,0,0,0,0,0,39.77625854568055,0.0,0,0,0,0.0,0,0,0,0,0,0,0,0,0,0,0,0,0
65,54,96,449.6729499924923,0.0,0.0,-1.0,35200.0,0,0,0.06497912631442525,0.06497912631543926,0.15,4,1.0,34.804226226927355,1.014008321753579e-12,16.949284269666187,0.48698925696997264,16.949284269666187,0.48698925696997264,0.0,0.0,,449.6729499924923,0,0,0,0,0,0,0,34.80422622747048,0.0,0,0,0,0.0,0,0,0,0,0,0,0,0,0,0,0,0,0
66,55,56,557.677794456059,0.0,0.0,-1.0,16200.0,0,0,0.020864341127418695,0.020864341181679256,0.15,4,1.0,13.831757117824699,5.426056132185053e-11,7.713663802920374,0.19392632954962688,7.713663802920374,0.19392632954962688,0.0,0.0,,557.677794456059,0,0,0,0,0,0,0,39.77625854568055,0.0,0,0,0,0.0,0,0,0,0,0,0,0,0,0,0,0,0,0
67,55,57,1619.2749779824671,0.0,0.0,-1.0,7200.0,0,0,0.019758324841239266,0.0197587987271882,0.15,4,1.0,16.37317161072241,4.73885948933106e-07,26.512667099455683,0.5332488062321279,26.512667099455683,0.5332488062321279,0.0,0.0,,1619.2749779824671,0,0,0,0,0,0,0,49.720323182100685,0.0,0,0,0,0.0,0,0,0,0,0,0,0,0,0,0,0,0,0
68,56,58,300.01635427767553,0.0,0.0,-1.0,7200.0,0,0,0.0329255424583991,0.03292554338897959,0.15,4,1.0,27.284476866293016,9.305804946069252e-10,8.185789277798808,0.16463669150288465,8.185789277798808,0.16463669150288465,0.0,0.0,,300.01635427767553,0,0,0,0,0,0,0,49.720323182100685,0.0,0,0,0,0.0,0,0,0,0,0,0,0,0,0,0,0,0,0
69,56,221,557.677794456059,0.0,0.0,-1.0,16200.0,0,0,0.014209497371593327,0.014209497408547059,0.15,4,1.0,9.420010687611072,3.695373174128491e-11,5.253330784019447,0.13207201958546017,5.253330784019447,0.13207201958546017,0.0,0.0,,557.677794456059,0,0,0,0,0,0,0,39.77625854568055,0.0,0,0,0,0.0,0,0,0,0,0,0,0,0,0,0,0,0,0
70,57,144,1619.2749779824671,0.0,0.0,-1.0,7200.0,0,0,0.005826268843128238,0.005826408581034242,0.15,4,1.0,4.828066163768998,1.3973790600422392e-07,7.817966731034939,0.15724262711285136,7.817966731034939,0.15724262711285136,0.0,0.0,,1619.2749779824671,0,0,0,0,0,0,0,49.720323182100685,0.0,0,0,0,0.0,0,0,0,0,0,0,0,0,0,0,0,0,0
71,57,222,486.95184598991176,0.0,0.0,-1.0,7200.0,0,0,0.019795816918736872,0.019795820801659935,0.15,4,1.0,16.404240247554895,3.882923062942245e-09,7.988075070608864,0.16066019137089665,7.988075070608864,0.16066019137089665,0.0,0.0,,486.95184598991176,0,0,0,0,0,0,0,49.720323182100685,0.0,0,0,0,0.0,0,0,0,0,0,0,0,0,0,0,0,0,0
72,58,59,300.01635427767553,0.0,0.0,-1.0,7200.0,0,0,0.023912447027974206,0.023912447703815974,0.15,4,1.0,19.81557657176234,6.75841767966423e-10,5.944997040970257,0.11956875636590737,5.944997040970257,0.11956875636590737,0.0,0.0,,300.01635427767553,0,0,0,0,0,0,0,49.720323182100685,0.0,0,0,0,0.0,0,0,0,0,0,0,0,0,0,0,0,0,0
73,59,154,3623.0635818391493,0.0,0.0,-1.0,14400.0,0,0,0.010385305466837337,0.010385382535774429,0.15,4,1.0,6.884809922079859,7.706893709151508e-08,24.944104096572367,0.6271150208138774,24.944104096572367,0.6271150208138774,0.0,0.0,,3623.0635818391493,0,0,0,0,0,0,0,39.77625854568055,0.0,0,0,0,0.0,0,0,0,0,0,0,0,0,0,0,0,0,0
74,60,61,352.32378895327,0.0,0.0,-1.0,7200.0,0,0,0.01784622888886127,0.017846229848163867,0.15,4,1.0,14.788671132265401,9.593025956933232e-10,5.210400646903592,0.1047941886439339,5.210400646903592,0.1047941886439339,0.0,0.0,,352.32378895327,0,0,0,0,0,0,0,49.720323182100685,0.0,0,0,0,0.0,0,0,0,0,0,0,0,0,0,0,0,0,0
75,60,79,0.0,0.0,0.0,-1.0,16200.0,0,0,0.022463110432138108,0.022463110432138108,0.15,4,1.0,13.030186287546448,0.0,0.0,0.0,0.0,0.0,0.0,0.0,,0.0,0,0,0,0,0,0,0,34.80422622747048,0.0,0,0,0,0.0,0,0,0,0,0,0,0,0,0,0,0,0,0
76,61,146,352.32378895327,0.0,0.0,-1.0,7200.0,0,0,0.005878757751624889,0.00587875806763045,0.15,4,1.0,4.871562255334485,3.1600556112815203e-10,1.716367271921183,0.034520438612119404,1.716367271921183,0.034520438612119404,0.0,0.0,,352.32378895327,0,0,0,0,0,0,0,49.720323182100685,0.0,0,0,0,0.0,0,0,0,0,0,0,0,0,0,0,0,0,0
77,61,221,18.276840169813056,0.0,0.0,-1.0,7200.0,0,0,0.016174082232467968,0.016174082232474265,0.15,4,1.0,13.403009929536331,6.29704621779581e-15,0.2449646702765529,0.004926851930939087,0.2449646702765529,0.004926851930939087,0.0,0.0,,18.276840169813056,0,0,0,0,0,0,0,49.720323182100685,0.0,0,0,0,0.0,0,0,0,0,0,0,0,0,0,0,0,0,0
78,62,63,1672.4054030237548,0.0,0.0,-1.0,7200.0,0,0,0.020553156884188552,0.020553717785009615,0.15,4,1.0,17.031826711571203,5.609008210637201e-07,28.484119015795994,0.5729024779312587,28.484119015795994,0.5729024779312587,0.0,0.0,,1672.4054030237548,0,0,0,0,0,0,0,49.720323182100685,0.0,0,0,0,0.0,0,0,0,0,0,0,0,0,0,0,0,0,0
79,63,155,2214.828617308325,0.0,0.0,-1.0,14400.0,0,0,0.09127446266792597,0.09127455726246428,0.15,4,1.0,39.776217322617676,9.459453831350828e-08,134.01767852255253,3.3692916909508885,134.01767852255253,3.3692916909508885,0.0,0.0,,2214.828617308325,0,0,0,0,0,0,0,39.77625854568055,0.0,0,0,0,0.0,0,0,0,0,0,0,0,0,0,0,0,0,0
80,65,147,997.0112572288061,0.0,0.0,-1.0,16200.0,0,0,0.04445623089278834,0.044456232073867674,0.15,4,1.0,29.471708899300335,1.181079331558088e-09,29.383625542372823,0.7387227305270397,29.383625542372823,0.7387227305270397,0.0,0.0,,997.0112572288061,0,0,0,0,0,0,0,39.77625854568055,0.0,0,0,0,0.0,0,0,0,0,0,0,0,0,0,0,0,0,0
81,67,68,499.99999999999994,0.0,0.0,-1.0,16200.0,0,0,0.06637168919290784,0.0663716893044423,0.15,4,1.0,34.80422616898363,1.1153446222156305e-10,19.250127381411016,0.5530974108703525,19.250127381411016,0.5530974108703525,0.0,0.0,,499.99999999999994,0,0,0,0,0,0,0,34.80422622747048,0.0,0,0,0,0.0,0,0,0,0,0,0,0,0,0,0,0,0,0
82,67,182,997.0112572288061,0.0,0.0,-1.0,16200.0,0,0,0.07029228929694338,0.07029229116441546,0.15,4,1.0,34.804225302818296,1.8674720797529076e-09,40.652614549662765,1.168036759788786,40.652614549662765,1.168036759788786,0.0,0.0,,997.0112572288061,0,0,0,0,0,0,0,34.80422622747048,0.0,0,0,0,0.0,0,0,0,0,0,0,0,0,0,0,0,0,0
83,68,152,499.99999999999994,0.0,0.0,-1.0,45000.0,0,0,0.028183330256058826,0.02818333025616192,0.15,4,1.0,16.348316701256415,1.0309461617730165e-13,8.174158350628208,0.23486108546801596,8.174158350628208,0.23486108546801596,0.0,0.0,,499.99999999999994,0,0,0,0,0,0,0,34.80422622747048,0.0,0,0,0,0.0,0,0,0,0,0,0,0,0,0,0,0,0,0
84,70,121,505.92354943799813,0.0,0.0,-1.0,16200.0,0,0,0.07113853904617509,0.07113853917148653,0.15,4,1.0,34.804226166162394,1.2531144177874154e-10,20.877119140876047,0.5998443706578755,20.877119140876047,0.5998443706578755,0.0,0.0,,505.92354943799813,0,0,0,0,0,0,0,34.80422622747048,0.0,0,0,0,0.0,0,0,0,0,0,0,0,0,0,0,0,0,0
85,71,72,1250.448037155092,0.0,0.0,-1.0,7200.0,0,0,0.05721291026134937,0.05721339823674745,0.15,4,1.0,47.410739806380256,4.879753980752133e-07,59.28466653095897,1.1923730254018907,59.28466653095897,1.1923730254018907,0.0,0.0,,1250.448037155092,0,0,0,0,0,0,0,49.720323182100685,0.0,0,0,0,0.0,0,0,0,0,0,0,0,0,0,0,0,0,0
86,71,204,0.0,0.0,0.0,-1.0,6400.0,0,0,0.0549352665533697,0.0549352665533697,0.15,4,1.0,36.41865609504517,0.0,0.0,0.0,0.0,0.0,0.0,0.0,,0.0,0,0,0,0,0,0,0,39.77625854568055,0.0,0,0,0,0.0,0,0,0,0,0,0,0,0,0,0,0,0,0
87,72,73,1250.448037155092,0.0,0.0,-1.0,7200.0,0,0,0.01432947201958567,0.014329594237277114,0.15,4,1.0,11.874432997377808,1.2221769144470096e-07,14.848361433900735,0.29864021645386807,14.848361433900735,0.29864021645386807,0.0,0.0,,1250.448037155092,0,0,0,0,0,0,0,49.720323182100685,0.0,0,0,0,0.0,0,0,0,0,0,0,0,0,0,0,0,0,0
88,73,221,1250.448037155092,0.0,0.0,-1.0,7200.0,0,0,0.03133587837250053,0.03133614563975984,0.15,4,1.0,25.967166664595425,2.672672593101444e-07,32.47059258622248,0.653070363454063,32.47059258622248,0.653070363454063,0.0,0.0,,1250.448037155092,0,0,0,0,0,0,0,49.720323182100685,0.0,0,0,0,0.0,0,0,0,0,0,0,0,0,0,0,0,0,0
89,75,76,71.407265211101,0.0,0.0,-1.0,7200.0,0,0,0.04031335632930269,0.04031335633295914,0.15,4,1.0,26.72524140330819,3.656450142663914e-12,1.908376400716725,0.04797777545362052,1.908376400716725,0.04797777545362052,0.0,0.0,,71.407265211101,0,0,0,0,0,0,0,39.77625854568055,0.0,0,0,0,0.0,0,0,0,0,0,0,0,0,0,0,0,0,0
90,75,179,18.971703448086334,0.0,0.0,-1.0,14400.0,0,0,0.04187865056482782,0.041878650564828056,0.15,4,1.0,27.762933873513365,2.3592239273284576e-16,0.5267101482971264,0.013241822322032519,0.5267101482971264,0.013241822322032519,0.0,0.0,,18.971703448086334,0,0,0,0,0,0,0,39.77625854568055,0.0,0,0,0,0.0,0,0,0,0,0,0,0,0,0,0,0,0,0
91,76,77,71.407265211101,0.0,0.0,-1.0,7200.0,0,0,0.014449446667578013,0.01444944666888859,0.15,4,1.0,11.973852635241776,1.3105766472065739e-12,0.8550200707233502,0.017196591173983127,0.8550200707233502,0.017196591173983127,0.0,0.0,,71.407265211101,0,0,0,0,0,0,0,49.720323182100685,0.0,0,0,0,0.0,0,0,0,0,0,0,0,0,0,0,0,0,0
92,77,78,71.407265211101,0.0,0.0,-1.0,7200.0,0,0,0.03298552978239527,0.03298552978538709,0.15,4,1.0,27.334186685225003,2.991815128972064e-12,1.9518595179616076,0.03925677455856346,1.9518595179616076,0.03925677455856346,0.0,0.0,,71.407265211101,0,0,0,0,0,0,0,49.720323182100685,0.0,0,0,0,0.0,0,0,0,0,0,0,0,0,0,0,0,0,0
93,78,144,71.407265211101,0.0,0.0,-1.0,7200.0,0,0,0.006561113562081351,0.006561113562676448,0.15,4,1.0,5.437011445685809,5.950977557955817e-13,0.3882421182578783,0.007808519604169816,0.3882421182578783,0.007808519604169816,0.0,0.0,,71.407265211101,0,0,0,0,0,0,0,49.720323182100685,0.0,0,0,0,0.0,0,0,0,0,0,0,0,0,0,0,0,0,0
94,78,222,0.0,0.0,0.0,-1.0,16200.0,0,0,0.02618018211547236,0.02618018211547236,0.15,4,1.0,15.186349683721279,0.0,0.0,0.0,0.0,0.0,0.0,0.0,,0.0,0,0,0,0,0,0,0,34.80422622747048,0.0,0,0,0,0.0,0,0,0,0,0,0,0,0,0,0,0,0,0
95,79,62,1672.4054030237548,0.0,0.0,-1.0,7200.0,0,0,0.03273058365541153,0.03273147688127214,0.15,4,1.0,27.122919954764065,8.932258606098031e-07,45.36051787812824,0.9123383130864442,45.36051787812824,0.9123383130864442,0.0,0.0,,1672.4054030237548,0,0,0,0,0,0,0,49.720323182100685,0.0,0,0,0,0.0,0,0,0,0,0,0,0,0,0,0,0,0,0
96,79,78,0.0,0.0,0.0,-1.0,16200.0,0,0,0.015039679087611777,0.015039679087611777,0.15,4,1.0,8.724073222563286,0.0,0.0,0.0,0.0,0.0,0.0,0.0,,0.0,0,0,0,0,0,0,0,34.80422622747048,0.0,0,0,0,0.0,0,0,0,0,0,0,0,0,0,0,0,0,0
97,80,81,999.9999999999999,0.0,0.0,-1.0,25600.0,0,0,0.07544477194732892,0.07544477205025385,0.15,4,1.0,34.80422617998909,1.029249324657755e-10,43.763281842245895,1.2574128675042309,43.763281842245895,1.2574128675042309,0.0,0.0,,999.9999999999999,0,0,0,0,0,0,0,34.80422622747048,0.0,0,0,0,0.0,0,0,0,0,0,0,0,0,0,0,0,0,0
98,80,83,927.2156466516711,0.0,0.0,-1.0,14400.0,0,0,0.03157904127512787,0.031579042280387444,0.15,4,1.0,18.318068276436303,1.0052595769693973e-09,16.98479952234535,0.48800970181083175,16.98479952234535,0.48800970181083175,0.0,0.0,,927.2156466516711,0,0,0,0,0,0,0,34.80422622747048,0.0,0,0,0,0.0,0,0,0,0,0,0,0,0,0,0,0,0,0
99,81,80,927.2156466516711,0.0,0.0,-1.0,14400.0,0,0,0.07544477194732892,0.07544477434897179,0.15,4,1.0,34.80422511954322,2.401642870686338e-09,40.57799967295737,1.1658929205745214,40.57799967295737,1.1658929205745214,0.0,0.0,,927.2156466516711,0,0,0,0,0,0,0,34.80422622747048,0.0,0,0,0,0.0,0,0,0,0,0,0,0,0,0,0,0,0,0
100,81,166,999.9999999999999,0.0,0.0,-1.0,14400.0,0,0,0.07262751012393724,0.07262751325187014,0.15,4,1.0,34.804224728516715,3.127932898805419e-09,42.12907154485689,1.2104585541978354,42.12907154485689,1.2104585541978354,0.0,0.0,,999.9999999999999,0,0,0,0,0,0,0,34.80422622747048,0.0,0,0,0,0.0,0,0,0,0,0,0,0,0,0,0,0,0,0
101,82,83,999.9999999999999,0.0,0.0,-1.0,14400.0,0,0,0.021113395642224232,0.021113396551539237,0.15,4,1.0,12.247256639367691,9.093150052374988e-10,12.247256639367691,0.3518899425256539,12.247256639367691,0.3518899425256539,0.0,0.0,,999.9999999999999,0,0,0,0,0,0,0,34.80422622747048,0.0,0,0,0,0.0,0,0,0,0,0,0,0,0,0,0,0,0,0
102,82,103,927.2156466516711,0.0,0.0,-1.0,14400.0,0,0,0.003995584259030765,0.003995584386222699,0.15,4,1.0,2.3177203077037793,1.2719193406840468e-10,2.14902653386527,0.06174613934038,2.14902653386527,0.06174613934038,0.0,0.0,,927.2156466516711,0,0,0,0,0,0,0,34.80422622747048,0.0,0,0,0,0.0,0,0,0,0,0,0,0,0,0,0,0,0,0
103,83,80,999.9999999999999,0.0,0.0,-1.0,14400.0,0,0,0.03157904127512787,0.031579042635178925,0.15,4,1.0,18.318068276436303,1.360051057885947e-09,18.318068276436303,0.526317377252982,18.318068276436303,0.526317377252982,0.0,0.0,,999.9999999999999,0,0,0,0,0,0,0,34.80422622747048,0.0,0,0,0,0.0,0,0,0,0,0,0,0,0,0,0,0,0,0
104,83,82,927.2156466516711,0.0,0.0,-1.0,14400.0,0,0,0.021113395642224232,0.0211133963143296,0.15,4,1.0,12.247256639367691,6.721053678881983e-10,11.355847984580288,0.3262778569434022,11.355847984580288,0.3262778569434022,0.0,0.0,,927.2156466516711,0,0,0,0,0,0,0,34.80422622747048,0.0,0,0,0,0.0,0,0,0,0,0,0,0,0,0,0,0,0,0
105,84,85,899.0886613154078,0.0,0.0,-1.0,1800.0,0,0,0.05623811624641157,0.05676321632885018,0.15,4,1.0,23.301477624367752,0.0005251000824386121,20.950094323963732,0.8505860696843801,20.950094323963732,0.8505860696843801,0.0,0.0,,899.0886613154078,0,0,0,0,0,0,0,24.860161591050343,0.0,0,0,0,0.0,0,0,0,0,0,0,0,0,0,0,0,0,0
106,84,124,2700.9113386845925,0.0,0.0,-1.0,28800.0,0,0,0.03645063090045195,0.03645063255251913,0.15,4,1.0,27.185057228429045,1.6520671844433288e-09,73.42442931105354,1.640832112722077,73.42442931105354,1.640832112722077,0.0,0.0,,2700.9113386845925,0,0,0,0,0,0,0,44.74829086389062,0.0,0,0,0,0.0,0,0,0,0,0,0,0,0,0,0,0,0,0
107,85,84,1900.0,0.0,0.0,-1.0,1800.0,0,0,0.05623811624641157,0.06671052072078944,0.15,4,1.0,20.957543763053998,0.010472404474377868,44.27280748629873,2.112499822824999,44.27280748629873,2.112499822824999,0.0,0.0,,1900.0,0,0,0,0,0,0,0,24.860161591050343,0.0,0,0,0,0.0,0,0,0,0,0,0,0,0,0,0,0,0,0
108,86,87,922.4544328690818,0.0,0.0,-1.0,57600.0,0,0,0.009118073247418196,0.009118073247487615,0.15,4,1.0,5.666919358246237,6.941842933816389e-14,5.227474882725854,0.14018345143949892,5.227474882725854,0.14018345143949892,0.0,0.0,,922.4544328690818,0,0,0,0,0,0,0,37.290242386575514,0.0,0,0,0,0.0,0,0,0,0,0,0,0,0,0,0,0,0,0
109,87,162,922.4544328690818,0.0,0.0,-1.0,57600.0,0,0,0.045740334547081415,0.04574033454742965,0.15,4,1.0,28.42780270172866,3.4823532946148816e-13,26.223352618937263,0.7032229060698547,26.223352618937263,0.7032229060698547,0.0,0.0,,922.4544328690818,0,0,0,0,0,0,0,37.290242386575514,0.0,0,0,0,0.0,0,0,0,0,0,0,0,0,0,0,0,0,0
110,88,89,1212.64281772446,0.0,0.0,-1.0,57600.0,0,0,0.011772512334248822,0.01177251233451649,0.15,4,1.0,7.804441572321573,2.6766783234322133e-13,9.464000019025947,0.23793087548373393,9.464000019025947,0.23793087548373393,0.0,0.0,,1212.64281772446,0,0,0,0,0,0,0,39.77625854568055,0.0,0,0,0,0.0,0,0,0,0,0,0,0,0,0,0,0,0,0
111,89,163,1212.64281772446,0.0,0.0,-1.0,57600.0,0,0,0.0403321023680515,0.04033210236896852,0.15,4,1.0,26.737668858041186,9.170164627647637e-13,32.42324210339861,0.8151405710242892,32.42324210339861,0.8151405710242892,0.0,0.0,,1212.64281772446,0,0,0,0,0,0,0,39.77625854568055,0.0,0,0,0,0.0,0,0,0,0,0,0,0,0,0,0,0,0,0
112,90,91,927.2156466516711,0.0,0.0,-1.0,25600.0,0,0,0.07327023145246765,0.07327023152635022,0.15,4,1.0,34.80422619237538,7.38825667312426e-11,39.40842222959369,1.1322884184170412,39.40842222959369,1.1322884184170412,0.0,0.0,,927.2156466516711,0,0,0,0,0,0,0,34.80422622747048,0.0,0,0,0,0.0,0,0,0,0,0,0,0,0,0,0,0,0,0
113,91,164,927.2156466516711,0.0,0.0,-1.0,25600.0,0,0,0.048182675595497,0.048182675644082344,0.15,4,1.0,27.94934569450831,4.858534408125337e-11,25.915070641624624,0.7445955125789255,25.915070641624624,0.7445955125789255,0.0,0.0,,927.2156466516711,0,0,0,0,0,0,0,34.80422622747048,0.0,0,0,0,0.0,0,0,0,0,0,0,0,0,0,0,0,0,0
114,92,43,1700.0,0.0,0.0,-1.0,16200.0,0,0,0.0350342635283201,0.035034271395785826,0.15,4,1.0,26.128723576124372,7.86746572750685e-09,44.418830079411435,0.9926376895472652,44.418830079411435,0.9926376895472652,0.0,0.0,,1700.0,0,0,0,0,0,0,0,44.74829086389062,0.0,0,0,0,0.0,0,0,0,0,0,0,0,0,0,0,0,0,0
115,94,95,2043.7347983550062,0.0,0.0,-1.0,36800.0,0,0,0.487377011694235,0.48737701441081943,0.15,4,1.0,65.25792381276685,2.716584457385096e-09,1083.3569780957862,16.601156071162684,1083.3569780957862,16.601156071162684,0.0,0.0,,2043.7347983550062,0,0,0,0,0,0,0,65.25792417650715,0.0,0,0,0,0.0,0,0,0,0,0,0,0,0,0,0,0,0,0
116,94,102,1430.2696490761552,0.0,0.0,-1.0,2300.0,0,0,0.17183368958703568,0.17568811744545057,0.15,4,1.0,72.94426086465036,0.0038544278584148883,305.4922447546433,4.188023034759249,305.4922447546433,4.188023034759249,0.0,0.0,,1430.2696490761552,0,0,0,0,0,0,0,74.58048477315103,0.0,0,0,0,0.0,0,0,0,0,0,0,0,0,0,0,0,0,0
117,95,216,2043.7347983550062,0.0,0.0,-1.0,36800.0,0,0,0.10981679446232617,0.1098167950744326,0.15,4,1.0,65.25792381276685,6.121064211050964e-10,244.10423088955676,3.7406067589573087,244.10423088955676,3.7406067589573087,0.0,0.0,,2043.7347983550062,0,0,0,0,0,0,0,65.25792417650715,0.0,0,0,0,0.0,0,0,0,0,0,0,0,0,0,0,0,0,0
118,96,220,449.6729499924923,0.0,0.0,-1.0,35200.0,0,0,0.018435390106680823,0.01843539010696851,0.15,4,1.0,10.693824797743174,2.876865412559937e-13,4.808723743504041,0.13816493756104897,4.808723743504041,0.13816493756104897,0.0,0.0,,449.6729499924923,0,0,0,0,0,0,0,34.80422622747048,0.0,0,0,0,0.0,0,0,0,0,0,0,0,0,0,0,0,0,0
119,97,98,600.0,0.0,0.0,-1.0,14400.0,0,0,0.02730494444040059,0.027304944592806767,0.15,4,1.0,15.838791057203572,1.5240617795564404e-10,9.503274634322144,0.2730494459280676,9.503274634322144,0.2730494459280676,0.0,0.0,,600.0,0,0,0,0,0,0,0,34.80422622747048,0.0,0,0,0,0.0,0,0,0,0,0,0,0,0,0,0,0,0,0
120,97,178,931.5770647791621,0.0,0.0,-1.0,6400.0,0,0,0.04970949581816148,0.04970970502018927,0.15,4,1.0,30.894652466228393,2.0920202778440533e-07,28.78074966186135,0.7718070182290984,28.78074966186135,0.7718070182290984,0.0,0.0,,931.5770647791621,0,0,0,0,0,0,0,37.290242386575514,0.0,0,0,0,0.0,0,0,0,0,0,0,0,0,0,0,0,0,0
121,98,218,600.0,0.0,0.0,-1.0,25600.0,0,0,0.09099862809776502,0.09099862811385409,0.15,4,1.0,34.804226221316895,1.6089074517111612e-11,31.671368387040655,0.909986281138541,31.671368387040655,0.909986281138541,0.0,0.0,,600.0,0,0,0,0,0,0,0,34.80422622747048,0.0,0,0,0,0.0,0,0,0,0,0,0,0,0,0,0,0,0,0
122,99,100,1901.190340001351,0.0,0.0,-1.0,35200.0,0,0,0.05598504472330272,0.05598504500246392,0.15,4,1.0,37.114593560092956,2.7916120109994225e-10,70.56190674952508,1.773970445720422,70.56190674952508,1.773970445720422,0.0,0.0,,1901.190340001351,0,0,0,0,0,0,0,39.77625854568055,0.0,0,0,0,0.0,0,0,0,0,0,0,0,0,0,0,0,0,0
123,100,218,1901.190340001351,0.0,0.0,-1.0,35200.0,0,0,0.01666522844768663,0.016665228530785343,0.15,4,1.0,11.048007257633566,8.309871193934448e-11,21.004364674477753,0.5280628582774001,21.004364674477753,0.5280628582774001,0.0,0.0,,1901.190340001351,0,0,0,0,0,0,0,39.77625854568055,0.0,0,0,0,0.0,0,0,0,0,0,0,0,0,0,0,0,0,0
124,102,105,1430.2696490761552,0.0,0.0,-1.0,14400.0,0,0,0.07302519394596543,0.07302520710732281,0.15,4,1.0,39.77625137679223,1.3161357378943528e-08,69.2409983965621,1.740762289051736,69.2409983965621,1.740762289051736,0.0,0.0,,1430.2696490761552,0,0,0,0,0,0,0,39.77625854568055,0.0,0,0,0,0.0,0,0,0,0,0,0,0,0,0,0,0,0,0
125,103,82,999.9999999999999,0.0,0.0,-1.0,14400.0,0,0,0.003995584259030765,0.0039955844311132084,0.15,4,1.0,2.3177203077037793,1.720824437806412e-10,2.317720307703779,0.0665930738518868,2.317720307703779,0.0665930738518868,0.0,0.0,,999.9999999999999,0,0,0,0,0,0,0,34.80422622747048,0.0,0,0,0,0.0,0,0,0,0,0,0,0,0,0,0,0,0,0
126,105,220,1430.2696490761552,0.0,0.0,-1.0,25600.0,0,0,0.06936971638994868,0.06936971678598321,0.15,4,1.0,39.77625831859628,3.9603452461900446e-10,65.77494918918704,1.6536233414000079,65.77494918918704,1.6536233414000079,0.0,0.0,,1430.2696490761552,0,0,0,0,0,0,0,39.77625854568055,0.0,0,0,0,0.0,0,0,0,0,0,0,0,0,0,0,0,0,0
127,106,107,983.6584041526678,0.0,0.0,-1.0,1600.0,0,0,0.4312151293387352,0.4404553543192314,0.15,4,1.0,38.9418003554457,0.009240224980496203,281.1971897886565,7.220960182169217,281.1971897886565,7.220960182169217,0.0,0.0,,983.6584041526678,0,0,0,0,0,0,0,39.77625854568055,0.0,0,0,0,0.0,0,0,0,0,0,0,0,0,0,0,0,0,0
128,108,109,0.0,0.0,0.0,-1.0,1600.0,0,0,0.3270621380503809,0.3270621380503809,0.15,4,1.0,39.77625854568055,0.0,0.0,0.0,0.0,0.0,0.0,0.0,,0.0,0,0,0,0,0,0,0,39.77625854568055,0.0,0,0,0,0.0,0,0,0,0,0,0,0,0,0,0,0,0,0
129,109,212,0.0,0.0,0.0,-1.0,6400.0,0,0,0.056444322672648414,0.056444322672648414,0.15,4,1.0,37.419066201051365,0.0,0.0,0.0,0.0,0.0,0.0,0.0,,0.0,0,0,0,0,0,0,0,39.77625854568055,0.0,0,0,0,0.0,0,0,0,0,0,0,0,0,0,0,0,0,0
130,110,108,0.0,0.0,0.0,-1.0,1600.0,0,0,0.4283844774876658,0.4283844774876658,0.15,4,1.0,39.77625854568055,0.0,0.0,0.0,0.0,0.0,0.0,0.0,,0.0,0,0,0,0,0,0,0,39.77625854568055,0.0,0,0,0,0.0,0,0,0,0,0,0,0,0,0,0,0,0,0
131,111,86,922.4544328690818,0.0,0.0,-1.0,57600.0,0,0,0.013186499257015743,0.013186499257116135,0.15,4,1.0,7.649098388159122,1.0039191700172978e-13,7.05594471560913,0.2027324115625272,7.05594471560913,0.2027324115625272,0.0,0.0,,922.4544328690818,0,0,0,0,0,0,0,34.80422622747048,0.0,0,0,0,0.0,0,0,0,0,0,0,0,0,0,0,0,0,0
132,111,112,896.8347234663376,0.0,0.0,-1.0,14400.0,0,0,0.03135274980737446,0.031352750680911985,0.15,4,1.0,20.784918040936038,8.735375270352286e-10,18.64063622351336,0.46863725811374546,18.64063622351336,0.46863725811374546,0.0,0.0,,896.8347234663376,0,0,0,0,0,0,0,39.77625854568055,0.0,0,0,0,0.0,0,0,0,0,0,0,0,0,0,0,0,0,0
133,112,130,896.8347234663376,0.0,0.0,-1.0,14400.0,0,0,0.05856262505126325,0.05856262668291123,0.15,4,1.0,38.823368585879926,1.6316479764522107e-09,34.81814502974932,0.8753499517771842,34.81814502974932,0.8753499517771842,0.0,0.0,,896.8347234663376,0,0,0,0,0,0,0,39.77625854568055,0.0,0,0,0,0.0,0,0,0,0,0,0,0,0,0,0,0,0,0
134,113,111,999.9999999999999,0.0,0.0,-1.0,78400.0,0,0,0.1619657747896653,0.16196577478993313,0.15,4,1.0,34.80422622741293,2.678135491152034e-13,93.95155778145077,2.6994295798322185,93.95155778145077,2.6994295798322185,0.0,0.0,,999.9999999999999,0,0,0,0,0,0,0,34.80422622747048,0.0,0,0,0,0.0,0,0,0,0,0,0,0,0,0,0,0,0,0
135,114,102,0.0,0.0,0.0,-1.0,1600.0,0,0,0.8382572417108878,0.8382572417108878,0.15,4,1.0,39.77625854568054,0.0,0.0,0.0,0.0,0.0,0.0,0.0,,0.0,0,0,0,0,0,0,0,39.77625854568055,0.0,0,0,0,0.0,0,0,0,0,0,0,0,0,0,0,0,0,0
136,115,116,1010.477835958795,0.0,0.0,-1.0,14400.0,0,0,0.027034287347608335,0.02703428856149563,0.15,4,1.0,16.801918799010775,1.2138872962363934e-09,16.977966547979804,0.45529249003842853,16.977966547979804,0.45529249003842853,0.0,0.0,,1010.477835958795,0,0,0,0,0,0,0,37.290242386575514,0.0,0,0,0,0.0,0,0,0,0,0,0,0,0,0,0,0,0,0
137,115,169,1068.491780893422,0.0,0.0,-1.0,25600.0,0,0,0.0558350764133123,0.05583507651259722,0.15,4,1.0,37.01517392222899,9.928492056276994e-11,39.550409104242206,0.9943220056544246,39.550409104242206,0.9943220056544246,0.0,0.0,,1068.491780893422,0,0,0,0,0,0,0,39.77625854568055,0.0,0,0,0,0.0,0,0,0,0,0,0,0,0,0,0,0,0,0
138,116,88,1212.64281772446,0.0,0.0,-1.0,57600.0,0,0,0.011894361586116047,0.011894361586386485,0.15,4,1.0,7.885220028086048,2.704381857343563e-13,9.56195543323561,0.24039353581915476,9.56195543323561,0.24039353581915476,0.0,0.0,,1212.64281772446,0,0,0,0,0,0,0,39.77625854568055,0.0,0,0,0,0.0,0,0,0,0,0,0,0,0,0,0,0,0,0
139,116,117,897.8350182343349,0.0,0.0,-1.0,14400.0,0,0,0.03439273242447214,0.0343927333869907,0.15,4,1.0,21.37522214075335,9.625185579120732e-10,19.191422960506248,0.5146500067939569,19.191422960506248,0.5146500067939569,0.0,0.0,,897.8350182343349,0,0,0,0,0,0,0,37.290242386575514,0.0,0,0,0,0.0,0,0,0,0,0,0,0,0,0,0,0,0,0
140,117,6,897.8350182343349,0.0,0.0,-1.0,14400.0,0,0,0.07485293272397381,0.0748529348188157,0.15,4,1.0,39.7762574324981,2.094841897171129e-09,44.55311155889619,1.1200931016324147,44.55311155889619,1.1200931016324147,0.0,0.0,,897.8350182343349,0,0,0,0,0,0,0,39.77625854568055,0.0,0,0,0,0.0,0,0,0,0,0,0,0,0,0,0,0,0,0
141,118,135,1700.0,0.0,0.0,-1.0,28800.0,0,0,0.04363244663443813,0.04363244694481304,0.15,4,1.0,32.541290218350376,3.103749063315675e-10,55.32019337119564,1.2362526634363695,55.32019337119564,1.2362526634363695,0.0,0.0,,1700.0,0,0,0,0,0,0,0,44.74829086389062,0.0,0,0,0,0.0,0,0,0,0,0,0,0,0,0,0,0,0,0
142,119,120,2700.9113386845925,0.0,0.0,-1.0,1800.0,0,0,0.013563800481356747,0.023877724882355345,0.15,4,1.0,10.115948152658856,0.010313924400998598,27.32227906706176,1.0748602979457464,27.32227906706176,1.0748602979457464,0.0,0.0,,2700.9113386845925,0,0,0,0,0,0,0,44.74829086389062,0.0,0,0,0,0.0,0,0,0,0,0,0,0,0,0,0,0,0,0
143,120,119,0.0,0.0,0.0,-1.0,1800.0,0,0,0.013563800481356747,0.013563800481356747,0.15,4,1.0,10.115948152658856,0.0,0.0,0.0,0.0,0.0,0.0,0.0,,0.0,0,0,0,0,0,0,0,44.74829086389062,0.0,0,0,0,0.0,0,0,0,0,0,0,0,0,0,0,0,0,0
144,120,134,3200.9113386845925,0.0,0.0,-1.0,16200.0,0,0,0.06456968902365773,0.06456987127446318,0.15,4,1.0,44.74816456021538,1.8225080544720385e-07,154.14432546761773,3.4447072183305623,154.14432546761773,3.4447072183305623,0.0,0.0,,3200.9113386845925,0,0,0,0,0,0,0,44.74829086389062,0.0,0,0,0,0.0,0,0,0,0,0,0,0,0,0,0,0,0,0
145,121,122,5499.999999999999,0.0,0.0,-1.0,16200.0,0,0,0.036076751572073025,0.036077639186527226,0.15,4,1.0,23.916636633651063,8.876144542008246e-07,131.54150148508083,3.307116925431662,131.54150148508083,3.307116925431662,0.0,0.0,,5499.999999999999,0,0,0,0,0,0,0,39.77625854568055,0.0,0,0,0,0.0,0,0,0,0,0,0,0,0,0,0,0,0,0
146,121,183,505.92354943799813,0.0,0.0,-1.0,16200.0,0,0,0.04348143687785055,0.043481436954443654,0.15,4,1.0,28.825481253184535,7.659310685692589e-11,14.583489789869596,0.3666380486442779,14.583489789869596,0.3666380486442779,0.0,0.0,,505.92354943799813,0,0,0,0,0,0,0,39.77625854568055,0.0,0,0,0,0.0,0,0,0,0,0,0,0,0,0,0,0,0,0
147,122,148,5499.999999999999,0.0,0.0,-1.0,45000.0,0,0,0.02729423241825842,0.027294233880041163,0.15,4,1.0,18.094374091242376,1.4617827434615371e-09,99.51905750183305,2.501971439003773,99.51905750183305,2.501971439003773,0.0,0.0,,5499.999999999999,0,0,0,0,0,0,0,39.77625854568055,0.0,0,0,0,0.0,0,0,0,0,0,0,0,0,0,0,0,0,0
148,123,116,1100.0,0.0,0.0,-1.0,78400.0,0,0,0.09522987684392359,0.09522987684415414,0.15,4,1.0,39.776258545584255,2.3055168885122157e-13,69.4446170479824,1.7458810754761593,69.4446170479824,1.7458810754761593,0.0,0.0,,1100.0,0,0,0,0,0,0,0,39.77625854568055,0.0,0,0,0,0.0,0,0,0,0,0,0,0,0,0,0,0,0,0
149,124,125,2700.9113386845925,0.0,0.0,-1.0,16200.0,0,0,0.1172835499852942,0.11728371779790618,0.15,4,1.0,44.74822683686528,1.6781261198695052e-07,236.25044375124594,5.279548720724146,236.25044375124594,5.279548720724146,0.0,0.0,,2700.9113386845925,0,0,0,0,0,0,0,44.74829086389062,0.0,0,0,0,0.0,0,0,0,0,0,0,0,0,0,0,0,0,0
150,125,133,2700.9113386845925,0.0,0.0,-1.0,16200.0,0,0,0.013855405528560363,0.013855425353265467,0.15,4,1.0,10.333428610486287,1.9824705103227425e-08,27.909674501550185,0.6237045906488778,27.909674501550185,0.6237045906488778,0.0,0.0,,2700.9113386845925,0,0,0,0,0,0,0,44.74829086389062,0.0,0,0,0,0.0,0,0,0,0,0,0,0,0,0,0,0,0,0
151,126,127,3200.9113386845925,0.0,0.0,-1.0,16200.0,0,0,0.08466544256237546,0.0846656815343348,0.15,4,1.0,44.74816456021537,2.3897195934596827e-07,202.11801747121694,4.516789000345184,202.11801747121694,4.516789000345184,0.0,0.0,,3200.9113386845925,0,0,0,0,0,0,0,44.74829086389062,0.0,0,0,0,0.0,0,0,0,0,0,0,0,0,0,0,0,0,0
152,127,138,3200.9113386845925,0.0,0.0,-1.0,16200.0,0,0,0.02268687267244129,0.022686936707143644,0.15,4,1.0,16.91997961897424,6.40347023531107e-08,54.15935461268685,1.2103145490985965,54.15935461268685,1.2103145490985965,0.0,0.0,,3200.9113386845925,0,0,0,0,0,0,0,44.74829086389062,0.0,0,0,0,0.0,0,0,0,0,0,0,0,0,0,0,0,0,0
153,128,129,100.0,0.0,0.0,-1.0,36800.0,0,0,0.02135548734263736,0.021355487342638042,0.15,4,1.0,23.22691289596978,6.83481049534862e-16,2.322691289596978,0.03559247890439674,2.322691289596978,0.03559247890439674,0.0,0.0,,100.0,0,0,0,0,0,0,0,65.25792417650715,0.0,0,0,0,0.0,0,0,0,0,0,0,0,0,0,0,0,0,0
154,129,8,200.0,0.0,0.0,-1.0,57500.0,0,0,0.42339053276498445,0.42339053276499933,0.15,4,1.0,65.25792417650486,1.4876988529977098e-14,92.09862428076107,1.411301775883331,92.09862428076107,1.411301775883331,0.0,0.0,,200.0,0,0,0,0,0,0,0,65.25792417650715,0.0,0,0,0,0.0,0,0,0,0,0,0,0,0,0,0,0,0,0
155,130,18,896.8347234663376,0.0,0.0,-1.0,9200.0,0,0,0.07234971168305018,0.07234977293309787,0.15,4,1.0,74.58042163462187,6.125004768653408e-08,80.65349119967381,1.0814298100217856,80.65349119967381,1.0814298100217856,0.0,0.0,,896.8347234663376,0,0,0,0,0,0,0,74.58048477315103,0.0,0,0,0,0.0,0,0,0,0,0,0,0,0,0,0,0,0,0
156,130,131,0.0,0.0,0.0,-1.0,1600.0,0,0,0.9373394295176904,0.9373394295176904,0.15,4,1.0,39.77625854568055,0.0,0.0,0.0,0.0,0.0,0.0,0.0,,0.0,0,0,0,0,0,0,0,39.77625854568055,0.0,0,0,0,0.0,0,0,0,0,0,0,0,0,0,0,0,0,0
157,131,203,0.0,0.0,0.0,-1.0,1600.0,0,0,0.21859755784980178,0.21859755784980178,0.15,4,1.0,39.77625854568055,0.0,0.0,0.0,0.0,0.0,0.0,0.0,,0.0,0,0,0,0,0,0,0,39.77625854568055,0.0,0,0,0,0.0,0,0,0,0,0,0,0,0,0,0,0,0,0
158,132,126,3200.9113386845925,0.0,0.0,-1.0,45000.0,0,0,0.06304501120542168,0.0630450115927743,0.15,4,1.0,44.74829058895424,3.8735262219979916e-10,150.50453042754367,3.3633582075802138,150.50453042754367,3.3633582075802138,0.0,0.0,,3200.9113386845925,0,0,0,0,0,0,0,44.74829086389062,0.0,0,0,0,0.0,0,0,0,0,0,0,0,0,0,0,0,0,0
159,133,119,2700.9113386845925,0.0,0.0,-1.0,28800.0,0,0,0.02576955460002237,0.025769555767986667,0.15,4,1.0,19.219058744578525,1.1679642981932137e-09,51.9089736820774,1.1600214227770023,51.9089736820774,1.1600214227770023,0.0,0.0,,2700.9113386845925,0,0,0,0,0,0,0,44.74829086389062,0.0,0,0,0,0.0,0,0,0,0,0,0,0,0,0,0,0,0,0
160,134,132,3200.9113386845925,0.0,0.0,-1.0,28800.0,0,0,0.018287802246055317,0.018287803881129418,0.15,4,1.0,13.639131569463258,1.6350741004200753e-09,43.65765089050593,0.9756273133791209,43.65765089050593,0.9756273133791209,0.0,0.0,,3200.9113386845925,0,0,0,0,0,0,0,44.74829086389062,0.0,0,0,0,0.0,0,0,0,0,0,0,0,0,0,0,0,0,0
161,135,139,1700.0,0.0,0.0,-1.0,16200.0,0,0,0.036050715407144135,0.036050723502869274,0.15,4,1.0,26.88679831483714,8.095725138879128e-09,45.70755713522314,1.0214371659146295,45.70755713522314,1.0214371659146295,0.0,0.0,,1700.0,0,0,0,0,0,0,0,44.74829086389062,0.0,0,0,0,0.0,0,0,0,0,0,0,0,0,0,0,0,0,0
162,136,42,3200.9113386845925,0.0,0.0,-1.0,16200.0,0,0,0.03703384099485918,0.03703394552451469,0.15,4,1.0,27.620018144083915,1.0452965550772353e-07,88.40922925207238,1.9757062690941098,88.40922925207238,1.9757062690941098,0.0,0.0,,3200.9113386845925,0,0,0,0,0,0,0,44.74829086389062,0.0,0,0,0,0.0,0,0,0,0,0,0,0,0,0,0,0,0,0
163,137,20,3200.9113386845925,0.0,0.0,-1.0,16200.0,0,0,0.1943755928931529,0.19437614152686788,0.15,4,1.0,44.748164560215365,5.486337149862575e-07,464.0241436334867,10.369679923051875,464.0241436334867,10.369679923051875,0.0,0.0,,3200.9113386845925,0,0,0,0,0,0,0,44.74829086389062,0.0,0,0,0,0.0,0,0,0,0,0,0,0,0,0,0,0,0,0
164,138,137,3200.9113386845925,0.0,0.0,-1.0,28800.0,0,0,0.02885223652760345,0.028852239107221494,0.15,4,1.0,21.51813787018281,2.5796180434800586e-09,68.87765149604648,1.5392243217457384,68.87765149604648,1.5392243217457384,0.0,0.0,,3200.9113386845925,0,0,0,0,0,0,0,44.74829086389062,0.0,0,0,0,0.0,0,0,0,0,0,0,0,0,0,0,0,0,0
165,139,140,1700.0,0.0,0.0,-1.0,16200.0,0,0,0.018654391448254152,0.018654395637375618,0.15,4,1.0,13.912535573589174,4.189121466380286e-09,23.651310475101596,0.5285412097256426,23.651310475101596,0.5285412097256426,0.0,0.0,,1700.0,0,0,0,0,0,0,0,44.74829086389062,0.0,0,0,0,0.0,0,0,0,0,0,0,0,0,0,0,0,0,0
166,140,84,1700.0,0.0,0.0,-1.0,28800.0,0,0,0.03307634392566725,0.03307634416095241,0.15,4,1.0,24.66849764499733,2.3528515941118044e-10,41.936445996495465,0.9371630845603183,41.936445996495465,0.9371630845603183,0.0,0.0,,1700.0,0,0,0,0,0,0,0,44.74829086389062,0.0,0,0,0,0.0,0,0,0,0,0,0,0,0,0,0,0,0,0
167,141,47,100.0,0.0,0.0,-1.0,7200.0,0,0,0.019820811637068614,0.019820811643983145,0.15,4,1.0,14.782457404898903,6.91453144741061e-12,1.4782457404898903,0.033034686073305244,1.4782457404898903,0.033034686073305244,0.0,0.0,,100.0,0,0,0,0,0,0,0,44.74829086389062,0.0,0,0,0,0.0,0,0,0,0,0,0,0,0,0,0,0,0,0
168,142,143,0.0,0.0,0.0,-1.0,14400.0,0,0,0.1149657064386643,0.1149657064386643,0.15,4,1.0,37.290242386575514,0.0,0.0,0.0,0.0,0.0,0.0,0.0,,0.0,0,0,0,0,0,0,0,37.290242386575514,0.0,0,0,0,0.0,0,0,0,0,0,0,0,0,0,0,0,0,0
169,143,27,0.0,0.0,0.0,-1.0,14400.0,0,0,0.02614135103520698,0.02614135103520698,0.15,4,1.0,17.33008562516311,0.0,0.0,0.0,0.0,0.0,0.0,0.0,,0.0,0,0,0,0,0,0,0,39.77625854568055,0.0,0,0,0,0.0,0,0,0,0,0,0,0,0,0,0,0,0,0
170,144,61,18.276840169813056,0.0,0.0,-1.0,7200.0,0,0,0.004941455814184697,0.004941455814186621,0.15,4,1.0,4.094846334522226,1.923808334858279e-15,0.07484085197600758,0.0015052366353680386,0.07484085197600758,0.0015052366353680386,0.0,0.0,,18.276840169813056,0,0,0,0,0,0,0,49.720323182100685,0.0,0,0,0,0.0,0,0,0,0,0,0,0,0,0,0,0,0,0
171,144,79,1672.4054030237548,0.0,0.0,-1.0,7200.0,0,0,0.005983735568618192,0.005983898866266936,0.15,4,1.0,4.958554438465459,1.632976487442664e-07,8.292713234077054,0.16679174658487575,8.292713234077054,0.16679174658487575,0.0,0.0,,1672.4054030237548,0,0,0,0,0,0,0,49.720323182100685,0.0,0,0,0,0.0,0,0,0,0,0,0,0,0,0,0,0,0,0
172,146,56,300.01635427767553,0.0,0.0,-1.0,7200.0,0,0,0.0072209741260392465,0.00722097433012693,0.15,4,1.0,5.98381945393764,2.040876833850347e-10,1.7952436972262018,0.036106839880956025,1.7952436972262018,0.036106839880956025,0.0,0.0,,300.01635427767553,0,0,0,0,0,0,0,49.720323182100685,0.0,0,0,0,0.0,0,0,0,0,0,0,0,0,0,0,0,0,0
173,146,57,486.95184598991176,0.0,0.0,-1.0,7200.0,0,0,0.005413855990654554,0.005413857052575179,0.15,4,1.0,4.4863111586116045,1.0619206252185376e-09,2.184617500371061,0.04393812809461643,2.184617500371061,0.04393812809461643,0.0,0.0,,486.95184598991176,0,0,0,0,0,0,0,49.720323182100685,0.0,0,0,0,0.0,0,0,0,0,0,0,0,0,0,0,0,0,0
174,147,67,997.0112572288061,0.0,0.0,-1.0,16200.0,0,0,0.037895117330706996,0.03789511833747566,0.15,4,1.0,25.122099742751686,1.0067686614934068e-09,25.047016248748328,0.6296976596080165,25.047016248748328,0.6296976596080165,0.0,0.0,,997.0112572288061,0,0,0,0,0,0,0,39.77625854568055,0.0,0,0,0,0.0,0,0,0,0,0,0,0,0,0,0,0,0,0
175,148,222,5499.999999999999,0.0,0.0,-1.0,64800.0,0,0,0.07752424324567835,0.07752424371134434,0.15,4,1.0,39.77625830675592,4.656659918778061e-10,282.6655647656803,7.10638900687323,282.6655647656803,7.10638900687323,0.0,0.0,,5499.999999999999,0,0,0,0,0,0,0,39.77625854568055,0.0,0,0,0,0.0,0,0,0,0,0,0,0,0,0,0,0,0,0
176,150,151,0.0,0.0,0.0,-1.0,1600.0,0,0,0.8664325379503399,0.8664325379503399,0.15,4,1.0,39.77625854568055,0.0,0.0,0.0,0.0,0.0,0.0,0.0,,0.0,0,0,0,0,0,0,0,39.77625854568055,0.0,0,0,0,0.0,0,0,0,0,0,0,0,0,0,0,0,0,0
177,151,17,0.0,0.0,0.0,-1.0,1600.0,0,0,0.02240151630482061,0.02240151630482061,0.15,4,1.0,14.850808405930382,0.0,0.0,0.0,0.0,0.0,0.0,0.0,,0.0,0,0,0,0,0,0,0,39.77625854568055,0.0,0,0,0,0.0,0,0,0,0,0,0,0,0,0,0,0,0,0
178,152,219,499.99999999999994,0.0,0.0,-1.0,64800.0,0,0,0.0879992618979564,0.08799926189799251,0.15,4,1.0,34.804226227456205,3.6110003875933216e-14,25.522885157890816,0.7333271824832708,25.522885157890816,0.7333271824832708,0.0,0.0,,499.99999999999994,0,0,0,0,0,0,0,34.80422622747048,0.0,0,0,0,0.0,0,0,0,0,0,0,0,0,0,0,0,0,0
179,154,14,3623.0635818391493,0.0,0.0,-1.0,14400.0,0,0,0.09304596332968795,0.09304665382006568,0.15,4,1.0,39.77596336984498,6.904903777221749e-07,223.48386404934467,5.618565714457909,223.48386404934467,5.618565714457909,0.0,0.0,,3623.0635818391493,0,0,0,0,0,0,0,39.77625854568055,0.0,0,0,0,0.0,0,0,0,0,0,0,0,0,0,0,0,0,0
180,155,10,1231.1702131556576,0.0,0.0,-1.0,9200.0,0,0,0.05755783737432736,0.057558010434380795,0.15,4,1.0,71.54485689785875,1.7306005343359354e-07,88.08389671712777,1.1810617995885362,88.08389671712777,1.1810617995885362,0.0,0.0,,1231.1702131556576,0,0,0,0,0,0,0,74.58048477315103,0.0,0,0,0,0.0,0,0,0,0,0,0,0,0,0,0,0,0,0
181,155,156,983.6584041526678,0.0,0.0,-1.0,1600.0,0,0,0.22577729069059366,0.23061532354131298,0.15,4,1.0,38.9418003554457,0.00483803285071932,147.23031577683685,3.780778352129985,147.23031577683685,3.780778352129985,0.0,0.0,,983.6584041526678,0,0,0,0,0,0,0,39.77625854568055,0.0,0,0,0,0.0,0,0,0,0,0,0,0,0,0,0,0,0,0
182,156,106,983.6584041526678,0.0,0.0,-1.0,1600.0,0,0,0.37931672106267167,0.38744484923586,0.15,4,1.0,38.9418003554457,0.00812812817318831,247.35402063985433,6.351889701608616,247.35402063985433,6.351889701608616,0.0,0.0,,983.6584041526678,0,0,0,0,0,0,0,39.77625854568055,0.0,0,0,0,0.0,0,0,0,0,0,0,0,0,0,0,0,0,0
183,157,158,499.99999999999994,0.0,0.0,-1.0,16200.0,0,0,0.1471189121006127,0.14711891234783903,0.15,4,1.0,34.80422616898363,2.472263227470961e-10,42.66966582574223,1.2259909362319916,42.66966582574223,1.2259909362319916,0.0,0.0,,499.99999999999994,0,0,0,0,0,0,0,34.80422622747048,0.0,0,0,0,0.0,0,0,0,0,0,0,0,0,0,0,0,0,0
184,158,157,997.0112572288061,0.0,0.0,-1.0,16200.0,0,0,0.1471189121006127,0.14711891600915608,0.15,4,1.0,34.80422530281829,3.908543377839635e-09,85.08427434091257,2.444653590207131,85.08427434091257,2.444653590207131,0.0,0.0,,997.0112572288061,0,0,0,0,0,0,0,34.80422622747048,0.0,0,0,0,0.0,0,0,0,0,0,0,0,0,0,0,0,0,0
185,158,181,499.99999999999994,0.0,0.0,-1.0,28800.0,0,0,0.06621100886077523,0.06621100886429968,0.15,4,1.0,34.80422622561783,3.524444625035983e-12,19.203524426162275,0.5517584072024972,19.203524426162275,0.5517584072024972,0.0,0.0,,499.99999999999994,0,0,0,0,0,0,0,34.80422622747048,0.0,0,0,0,0.0,0,0,0,0,0,0,0,0,0,0,0,0,0
186,159,160,533.8619852626305,0.0,0.0,-1.0,40000.0,0,0,0.0670170885269738,0.06701708852748416,0.15,4,1.0,39.77625854537764,5.103556466323766e-13,23.718500718479675,0.5962979321300691,23.718500718479675,0.5962979321300691,0.0,0.0,,533.8619852626305,0,0,0,0,0,0,0,39.77625854568055,0.0,0,0,0,0.0,0,0,0,0,0,0,0,0,0,0,0,0,0
187,160,90,927.2156466516711,0.0,0.0,-1.0,25600.0,0,0,0.06824629306778822,0.06824629313660485,0.15,4,1.0,34.804226192375395,6.881663294766582e-11,36.70629503285693,1.0546505137039428,36.70629503285693,1.0546505137039428,0.0,0.0,,927.2156466516711,0,0,0,0,0,0,0,34.80422622747048,0.0,0,0,0,0.0,0,0,0,0,0,0,0,0,0,0,0,0,0
188,160,111,819.2891563354194,0.0,0.0,-1.0,6400.0,0,0,0.02645066067456224,0.0264507272688122,0.15,4,1.0,17.535138628257545,6.659424995822394e-08,14.366348932969748,0.3611799004753903,14.366348932969748,0.3611799004753903,0.0,0.0,,819.2891563354194,0,0,0,0,0,0,0,39.77625854568055,0.0,0,0,0,0.0,0,0,0,0,0,0,0,0,0,0,0,0,0
189,161,115,1156.5151839831353,0.0,0.0,-1.0,40000.0,0,0,0.06190691836404986,0.061906918374432685,0.15,4,1.0,37.29024238032132,1.0382826542976176e-11,44.49738414022876,1.193271518227266,44.49738414022876,1.193271518227266,0.0,0.0,,1156.5151839831353,0,0,0,0,0,0,0,37.290242386575514,0.0,0,0,0,0.0,0,0,0,0,0,0,0,0,0,0,0,0,0
190,162,115,922.4544328690818,0.0,0.0,-1.0,57600.0,0,0,0.013965798867858877,0.013965798867965201,0.15,4,1.0,9.258453776082122,1.0632467128957046e-13,8.540501727260443,0.21471355123854172,8.540501727260443,0.21471355123854172,0.0,0.0,,922.4544328690818,0,0,0,0,0,0,0,39.77625854568055,0.0,0,0,0,0.0,0,0,0,0,0,0,0,0,0,0,0,0,0
191,163,160,1212.64281772446,0.0,0.0,-1.0,57600.0,0,0,0.012993682858456618,0.012993682858752052,0.15,4,1.0,7.5372512955621565,2.954338162997061e-13,9.13999364894783,0.2626116032409184,9.13999364894783,0.2626116032409184,0.0,0.0,,1212.64281772446,0,0,0,0,0,0,0,34.80422622747048,0.0,0,0,0,0.0,0,0,0,0,0,0,0,0,0,0,0,0,0
192,164,165,927.2156466516711,0.0,0.0,-1.0,25600.0,0,0,0.02857967507531925,0.02857967510413777,0.15,4,1.0,16.578224613816843,2.8818520486639798e-11,15.371589255636836,0.44165869887962944,15.371589255636836,0.44165869887962944,0.0,0.0,,927.2156466516711,0,0,0,0,0,0,0,34.80422622747048,0.0,0,0,0,0.0,0,0,0,0,0,0,0,0,0,0,0,0,0
193,165,113,999.9999999999999,0.0,0.0,-1.0,25600.0,0,0,0.0545241927036638,0.05452419277804799,0.15,4,1.0,31.627872295475164,7.438419324934387e-11,31.627872295475164,0.9087365463007998,31.627872295475164,0.9087365463007998,0.0,0.0,,999.9999999999999,0,0,0,0,0,0,0,34.80422622747048,0.0,0,0,0,0.0,0,0,0,0,0,0,0,0,0,0,0,0,0
194,165,167,927.2156466516711,0.0,0.0,-1.0,14400.0,0,0,0.037438517386896845,0.037438518578681856,0.15,4,1.0,21.716977145910747,1.1917850109566253e-09,20.136321007665195,0.578559670226885,20.136321007665195,0.578559670226885,0.0,0.0,,927.2156466516711,0,0,0,0,0,0,0,34.80422622747048,0.0,0,0,0,0.0,0,0,0,0,0,0,0,0,0,0,0,0,0
195,166,81,927.2156466516711,0.0,0.0,-1.0,25600.0,0,0,0.07262751012393724,0.07262751019717172,0.15,4,1.0,34.80422619237538,7.323447404061767e-11,39.06273431529901,1.1223560638695236,39.06273431529901,1.1223560638695236,0.0,0.0,,927.2156466516711,0,0,0,0,0,0,0,34.80422622747048,0.0,0,0,0,0.0,0,0,0,0,0,0,0,0,0,0,0,0,0
196,166,167,999.9999999999999,0.0,0.0,-1.0,14400.0,0,0,0.09099862809776502,0.09099863201690808,0.15,4,1.0,34.804224728516715,3.91914306563379e-09,52.78561397840109,1.5166438669484679,52.78561397840109,1.5166438669484679,0.0,0.0,,999.9999999999999,0,0,0,0,0,0,0,34.80422622747048,0.0,0,0,0,0.0,0,0,0,0,0,0,0,0,0,0,0,0,0
197,167,165,999.9999999999999,0.0,0.0,-1.0,25600.0,0,0,0.037438517386896845,0.037438517437972045,0.15,4,1.0,21.716977145910747,5.107519962521678e-11,21.716977145910743,0.6239752906328673,21.716977145910743,0.6239752906328673,0.0,0.0,,999.9999999999999,0,0,0,0,0,0,0,34.80422622747048,0.0,0,0,0,0.0,0,0,0,0,0,0,0,0,0,0,0,0,0
198,167,166,927.2156466516711,0.0,0.0,-1.0,14400.0,0,0,0.09099862809776502,0.09099863099453574,0.15,4,1.0,34.804225119543226,2.8967707260685316e-09,48.94364719888866,1.406255908033588,48.94364719888866,1.406255908033588,0.0,0.0,,927.2156466516711,0,0,0,0,0,0,0,34.80422622747048,0.0,0,0,0,0.0,0,0,0,0,0,0,0,0,0,0,0,0,0
199,168,123,1100.0,0.0,0.0,-1.0,25600.0,0,0,0.08954982710303604,0.08954982728190167,0.15,4,1.0,39.77625846623198,1.7886563064006822e-10,65.3025463854748,1.6417468335015306,65.3025463854748,1.6417468335015306,0.0,0.0,,1100.0,0,0,0,0,0,0,0,39.77625854568055,0.0,0,0,0,0.0,0,0,0,0,0,0,0,0,0,0,0,0,0
200,169,211,1068.491780893422,0.0,0.0,-1.0,25600.0,0,0,0.11582240040948462,0.1158224006154379,0.15,4,1.0,39.776258474951135,2.0595328220629483e-10,82.04203547106276,2.0625880516823436,82.04203547106276,2.0625880516823436,0.0,0.0,,1068.491780893422,0,0,0,0,0,0,0,39.77625854568055,0.0,0,0,0,0.0,0,0,0,0,0,0,0,0,0,0,0,0,0
201,170,171,960.4707654492391,0.0,0.0,-1.0,14400.0,0,0,0.01889600705879429,0.01889600775136308,0.15,4,1.0,11.743944722681348,6.925687905112721e-10,11.279715577187307,0.3024843838147742,11.279715577187307,0.3024843838147742,0.0,0.0,,960.4707654492391,0,0,0,0,0,0,0,37.290242386575514,0.0,0,0,0,0.0,0,0,0,0,0,0,0,0,0,0,0,0,0
202,172,120,500.0,0.0,0.0,-1.0,28800.0,0,0,0.032059892046843216,0.03205989204854978,0.15,4,1.0,23.910422906284563,1.7065654445147516e-12,11.955211453142281,0.26716576707124823,11.955211453142281,0.26716576707124823,0.0,0.0,,500.0,0,0,0,0,0,0,0,44.74829086389062,0.0,0,0,0,0.0,0,0,0,0,0,0,0,0,0,0,0,0,0
203,173,218,268.3780428778148,0.0,0.0,-1.0,35200.0,0,0,0.09534235307641642,0.0953423530766052,0.15,4,1.0,39.77625854560179,1.8877954754970006e-13,16.963111910181393,0.42646323536774844,16.963111910181393,0.42646323536774844,0.0,0.0,,268.3780428778148,0,0,0,0,0,0,0,39.77625854568055,0.0,0,0,0,0.0,0,0,0,0,0,0,0,0,0,0,0,0,0
204,174,175,600.0,0.0,0.0,-1.0,25600.0,0,0,0.05672015724280939,0.056720157252837834,0.15,4,1.0,32.90168640560727,1.0028443353515826e-11,19.74101184336436,0.5672015725283784,19.74101184336436,0.5672015725283784,0.0,0.0,,600.0,0,0,0,0,0,0,0,34.80422622747048,0.0,0,0,0,0.0,0,0,0,0,0,0,0,0,0,0,0,0,0
205,174,217,931.5770647791621,0.0,0.0,-1.0,6400.0,0,0,0.006973526414555035,0.006973555762586889,0.15,4,1.0,4.045136515590242,2.9348031853684842e-08,3.768356401824565,0.10827341013974176,3.768356401824565,0.10827341013974176,0.0,0.0,,931.5770647791621,0,0,0,0,0,0,0,34.80422622747048,0.0,0,0,0,0.0,0,0,0,0,0,0,0,0,0,0,0,0,0
206,175,174,931.5770647791621,0.0,0.0,-1.0,6400.0,0,0,0.05672015724280939,0.05672039594915143,0.15,4,1.0,32.90168640560727,2.387063420400404e-07,30.65045644802008,0.8806569995237061,30.65045644802008,0.8806569995237061,0.0,0.0,,931.5770647791621,0,0,0,0,0,0,0,34.80422622747048,0.0,0,0,0,0.0,0,0,0,0,0,0,0,0,0,0,0,0,0
207,175,176,600.0,0.0,0.0,-1.0,14400.0,0,0,0.04742212202340268,0.04742212228809556,0.15,4,1.0,27.508171051486947,2.6469287872643577e-10,16.50490263089217,0.4742212228809556,16.50490263089217,0.4742212228809556,0.0,0.0,,600.0,0,0,0,0,0,0,0,34.80422622747048,0.0,0,0,0,0.0,0,0,0,0,0,0,0,0,0,0,0,0,0
208,176,175,931.5770647791621,0.0,0.0,-1.0,14400.0,0,0,0.04742212202340268,0.04742212356160126,0.15,4,1.0,27.508171051486947,1.5381985823959e-09,25.62598124558733,0.7362893778851874,25.62598124558733,0.7362893778851874,0.0,0.0,,931.5770647791621,0,0,0,0,0,0,0,34.80422622747048,0.0,0,0,0,0.0,0,0,0,0,0,0,0,0,0,0,0,0,0
209,176,178,600.0,0.0,0.0,-1.0,14400.0,0,0,0.19644777406532224,0.1964477751618216,0.15,4,1.0,34.804226033206064,1.0964993635287357e-09,68.37212770452483,1.964477751618216,68.37212770452483,1.964477751618216,0.0,0.0,,600.0,0,0,0,0,0,0,0,34.80422622747048,0.0,0,0,0,0.0,0,0,0,0,0,0,0,0,0,0,0,0,0
210,177,220,1700.0000000000002,0.0,0.0,-1.0,35200.0,0,0,0.0539229804609343,0.05392298063282415,0.15,4,1.0,35.74757353946339,1.7188984957616782e-10,60.77087501708777,1.5278177845966845,60.77087501708777,1.5278177845966845,0.0,0.0,,1700.0000000000002,0,0,0,0,0,0,0,39.77625854568055,0.0,0,0,0,0.0,0,0,0,0,0,0,0,0,0,0,0,0,0
211,178,97,600.0,0.0,0.0,-1.0,14400.0,0,0,0.04970949581816148,0.04970949609562164,0.15,4,1.0,30.894652466228393,2.77460159014975e-10,18.536791479737037,0.4970949609562164,18.536791479737037,0.4970949609562164,0.0,0.0,,600.0,0,0,0,0,0,0,0,37.290242386575514,0.0,0,0,0,0.0,0,0,0,0,0,0,0,0,0,0,0,0,0
212,178,176,931.5770647791621,0.0,0.0,-1.0,6400.0,0,0,0.19644777406532224,0.19644860081425644,0.15,4,1.0,34.80407975477065,8.267489342017598e-07,106.15651006614546,3.0501168487753056,106.15651006614546,3.0501168487753056,0.0,0.0,,931.5770647791621,0,0,0,0,0,0,0,34.80422622747048,0.0,0,0,0,0.0,0,0,0,0,0,0,0,0,0,0,0,0,0
213,179,222,18.971703448086334,0.0,0.0,-1.0,25600.0,0,0,0.04963013758745821,0.049630137587458226,0.15,4,1.0,32.90168640560727,1.3877787807814457e-17,0.6242010374291147,0.01569280420661634,0.6242010374291147,0.01569280420661634,0.0,0.0,,18.971703448086334,0,0,0,0,0,0,0,39.77625854568055,0.0,0,0,0,0.0,0,0,0,0,0,0,0,0,0,0,0,0,0
214,180,219,0.0,0.0,0.0,-1.0,25600.0,0,0,0.05177655902419625,0.05177655902419625,0.15,4,1.0,34.32462997253533,0.0,0.0,0.0,0.0,0.0,0.0,0.0,,0.0,0,0,0,0,0,0,0,39.77625854568055,0.0,0,0,0,0.0,0,0,0,0,0,0,0,0,0,0,0,0,0
215,181,158,997.0112572288061,0.0,0.0,-1.0,16200.0,0,0,0.06621100886077523,0.06621101061981896,0.15,4,1.0,34.80422530281829,1.7590437301207018e-09,38.29226006270428,1.1002187156742589,38.29226006270428,1.1002187156742589,0.0,0.0,,997.0112572288061,0,0,0,0,0,0,0,34.80422622747048,0.0,0,0,0,0.0,0,0,0,0,0,0,0,0,0,0,0,0,0
216,181,182,499.99999999999994,0.0,0.0,-1.0,16200.0,0,0,0.09030234665852373,0.09030234681027252,0.15,4,1.0,34.80422616898363,1.5174879408608177e-10,26.190860849789352,0.7525195567522709,26.190860849789352,0.7525195567522709,0.0,0.0,,499.99999999999994,0,0,0,0,0,0,0,34.80422622747048,0.0,0,0,0,0.0,0,0,0,0,0,0,0,0,0,0,0,0,0
217,182,67,499.99999999999994,0.0,0.0,-1.0,16200.0,0,0,0.07029228929694338,0.07029228941506623,0.15,4,1.0,34.80422616898364,1.181228448388083e-10,20.38723948948016,0.5857690784588852,20.38723948948016,0.5857690784588852,0.0,0.0,,499.99999999999994,0,0,0,0,0,0,0,34.80422622747048,0.0,0,0,0,0.0,0,0,0,0,0,0,0,0,0,0,0,0,0
218,182,181,997.0112572288061,0.0,0.0,-1.0,28800.0,0,0,0.09030234665852373,0.09030234673451797,0.15,4,1.0,34.80422619818087,7.599423867965527e-11,52.22516620750641,1.5005409374748888,52.22516620750641,1.5005409374748888,0.0,0.0,,997.0112572288061,0,0,0,0,0,0,0,34.80422622747048,0.0,0,0,0,0.0,0,0,0,0,0,0,0,0,0,0,0,0,0
219,183,121,5499.999999999999,0.0,0.0,-1.0,7200.0,0,0,0.04348143687785055,0.04362023894560079,0.15,4,1.0,28.825481253184535,0.00013880206775024329,158.5401468925149,3.9985219033467385,158.5401468925149,3.9985219033467385,0.0,0.0,,5499.999999999999,0,0,0,0,0,0,0,39.77625854568055,0.0,0,0,0,0.0,0,0,0,0,0,0,0,0,0,0,0,0,0
220,184,159,533.8619852626305,0.0,0.0,-1.0,25600.0,0,0,0.06671715190699294,0.06671715191438636,0.15,4,1.0,39.77625854127265,7.393419210188767e-12,23.612347987991377,0.5936291862013802,23.612347987991377,0.5936291862013802,0.0,0.0,,533.8619852626305,0,0,0,0,0,0,0,39.77625854568055,0.0,0,0,0,0.0,0,0,0,0,0,0,0,0,0,0,0,0,0
221,185,92,1600.0,0.0,0.0,-1.0,1800.0,0,0,0.2076977777639695,0.227147482787317,0.15,4,1.0,40.916678701951994,0.019449705023347502,247.84321523108855,6.057266207661787,247.84321523108855,6.057266207661787,0.0,0.0,,1600.0,0,0,0,0,0,0,0,44.74829086389062,0.0,0,0,0,0.0,0,0,0,0,0,0,0,0,0,0,0,0,0
222,186,187,1719.9403252296966,0.0,0.0,-1.0,57500.0,0,0,0.31549333267053575,0.3154933327311512,0.15,4,1.0,65.2579241639692,6.061545709812322e-11,590.1814692989644,9.043828421756952,590.1814692989644,9.043828421756952,0.0,0.0,,1719.9403252296966,0,0,0,0,0,0,0,65.25792417650715,0.0,0,0,0,0.0,0,0,0,0,0,0,0,0,0,0,0,0,0
223,187,209,1719.9403252296966,0.0,0.0,-1.0,57500.0,0,0,0.007941179081398053,0.007941179082923785,0.15,4,1.0,8.637081039432314,1.5257326652085013e-12,14.855263971996461,0.22763923557652,14.855263971996461,0.22763923557652,0.0,0.0,,1719.9403252296966,0,0,0,0,0,0,0,65.25792417650715,0.0,0,0,0,0.0,0,0,0,0,0,0,0,0,0,0,0,0,0
224,188,186,331.6219571221853,0.0,0.0,-1.0,36800.0,0,0,0.2744105853508714,0.27441058535193175,0.15,4,1.0,65.257924176255,1.0603184996682558e-12,98.9751441242547,1.5166762561575347,98.9751441242547,1.5166762561575347,0.0,0.0,,331.6219571221853,0,0,0,0,0,0,0,65.25792417650715,0.0,0,0,0,0.0,0,0,0,0,0,0,0,0,0,0,0,0,0
225,189,190,331.6219571221853,0.0,0.0,-1.0,36800.0,0,0,0.04029434249000034,0.04029434249015604,0.15,4,1.0,43.825419115910876,1.556949014158704e-13,14.533471258918395,0.22270814529228622,14.533471258918395,0.22270814529228622,0.0,0.0,,331.6219571221853,0,0,0,0,0,0,0,65.25792417650715,0.0,0,0,0,0.0,0,0,0,0,0,0,0,0,0,0,0,0,0
226,190,188,331.6219571221853,0.0,0.0,-1.0,36800.0,0,0,0.16956416916251385,0.16956416916316905,0.15,4,1.0,65.25792417625499,6.551981179825361e-13,61.15885821135658,0.9371866939281237,61.15885821135658,0.9371866939281237,0.0,0.0,,331.6219571221853,0,0,0,0,0,0,0,65.25792417650715,0.0,0,0,0,0.0,0,0,0,0,0,0,0,0,0,0,0,0,0
227,191,192,3474.004447431161,0.0,0.0,-1.0,57500.0,0,0,0.06971669664050394,0.06971669686344914,0.15,4,1.0,65.25792396782053,2.2294520396481943e-10,263.4202609268549,4.036601916063874,263.4202609268549,4.036601916063874,0.0,0.0,,3474.004447431161,0,0,0,0,0,0,0,65.25792417650715,0.0,0,0,0,0.0,0,0,0,0,0,0,0,0,0,0,0,0,0
228,192,208,3474.004447431161,0.0,0.0,-1.0,57500.0,0,0,0.007935466002922227,0.007935466028298848,0.15,4,1.0,8.630867312065815,2.5376620943484696e-11,29.983671427304877,0.4594640712458182,29.983671427304877,0.4594640712458182,0.0,0.0,,3474.004447431161,0,0,0,0,0,0,0,65.25792417650715,0.0,0,0,0,0.0,0,0,0,0,0,0,0,0,0,0,0,0,0
229,193,191,2576.1694291968265,0.0,0.0,-1.0,36800.0,0,0,0.4328228253285731,0.4328228314192823,0.15,4,1.0,65.25792325819367,6.090709214756629e-09,1212.7368732272334,18.583749109346112,1212.7368732272334,18.583749109346112,0.0,0.0,,2576.1694291968265,0,0,0,0,0,0,0,65.25792417650715,0.0,0,0,0,0.0,0,0,0,0,0,0,0,0,0,0,0,0,0
230,194,16,3732.6846131799616,0.0,0.0,-1.0,57500.0,0,0,0.34813215000292935,0.3481321514867082,0.15,4,1.0,65.25792389837045,1.483778822031212e-09,1413.3425478067666,21.65779208679452,1413.3425478067666,21.65779208679452,0.0,0.0,,3732.6846131799616,0,0,0,0,0,0,0,65.25792417650715,0.0,0,0,0,0.0,0,0,0,0,0,0,0,0,0,0,0,0,0
231,195,0,2082.9130634334033,0.0,0.0,-1.0,57500.0,0,0,0.05258317429150194,0.05258317431323251,0.15,4,1.0,57.19114668124822,2.173057567222969e-11,119.12418653510785,1.8254363448971296,119.12418653510785,1.8254363448971296,0.0,0.0,,2082.9130634334033,0,0,0,0,0,0,0,65.25792417650715,0.0,0,0,0,0.0,0,0,0,0,0,0,0,0,0,0,0,0,0
232,196,194,3732.6846131799616,0.0,0.0,-1.0,57500.0,0,0,0.07856054212108246,0.07856054245591643,0.15,4,1.0,65.25792389837045,3.34833966109116e-10,318.93910619159186,4.887362133804506,318.93910619159186,4.887362133804506,0.0,0.0,,3732.6846131799616,0,0,0,0,0,0,0,65.25792417650715,0.0,0,0,0,0.0,0,0,0,0,0,0,0,0,0,0,0,0,0
233,197,129,100.0,0.0,0.0,-1.0,2300.0,0,0,0.018975990157455852,0.018976000328940815,0.15,4,1.0,23.587309083226664,1.0171484963322763e-08,2.3587309083226664,0.03162666721490136,2.3587309083226664,0.03162666721490136,0.0,0.0,,100.0,0,0,0,0,0,0,0,74.58048477315103,0.0,0,0,0,0.0,0,0,0,0,0,0,0,0,0,0,0,0,0
234,199,50,1700.0000000000002,0.0,0.0,-1.0,19800.0,0,0,0.023653001851690756,0.023653004231967374,0.15,4,1.0,24.500727006101883,2.380276618169086e-09,41.65123591037321,0.6701684532390757,41.65123591037321,0.6701684532390757,0.0,0.0,,1700.0000000000002,0,0,0,0,0,0,0,62.15040397762586,0.0,0,0,0,0.0,0,0,0,0,0,0,0,0,0,0,0,0,0
235,199,200,848.1400185969684,0.0,0.0,-1.0,19800.0,0,0,0.029999660730485787,0.029999660917524734,0.15,4,1.0,31.074850559856834,1.8703894683058664e-10,26.35582433173499,0.42406521614153625,26.35582433173499,0.42406521614153625,0.0,0.0,,848.1400185969684,0,0,0,0,0,0,0,62.15040397762586,0.0,0,0,0,0.0,0,0,0,0,0,0,0,0,0,0,0,0,0
236,200,199,1700.0000000000002,0.0,0.0,-1.0,35200.0,0,0,0.029999660730485787,0.02999966082611546,0.15,4,1.0,31.074850559856834,9.562967431819835e-11,52.82724595175663,0.8499903900732715,52.82724595175663,0.8499903900732715,0.0,0.0,,1700.0000000000002,0,0,0,0,0,0,0,62.15040397762586,0.0,0,0,0,0.0,0,0,0,0,0,0,0,0,0,0,0,0,0
237,201,150,0.0,0.0,0.0,-1.0,1600.0,0,0,0.09868852099307791,0.09868852099307791,0.15,4,1.0,39.77625854568055,0.0,0.0,0.0,0.0,0.0,0.0,0.0,,0.0,0,0,0,0,0,0,0,39.77625854568055,0.0,0,0,0,0.0,0,0,0,0,0,0,0,0,0,0,0,0,0
238,202,31,0.0,0.0,0.0,-1.0,1600.0,0,0,0.2109116819627922,0.2109116819627922,0.15,4,1.0,39.77625854568055,0.0,0.0,0.0,0.0,0.0,0.0,0.0,,0.0,0,0,0,0,0,0,0,39.77625854568055,0.0,0,0,0,0.0,0,0,0,0,0,0,0,0,0,0,0,0,0
239,203,1,0.0,0.0,0.0,-1.0,6400.0,0,0,0.0554039175220898,0.0554039175220898,0.15,4,1.0,36.729342463370074,0.0,0.0,0.0,0.0,0.0,0.0,0.0,,0.0,0,0,0,0,0,0,0,39.77625854568055,0.0,0,0,0,0.0,0,0,0,0,0,0,0,0,0,0,0,0,0
240,204,180,0.0,0.0,0.0,-1.0,14400.0,0,0,0.01598099803335529,0.01598099803335529,0.15,4,1.0,10.594405159879207,0.0,0.0,0.0,0.0,0.0,0.0,0.0,,0.0,0,0,0,0,0,0,0,39.77625854568055,0.0,0,0,0,0.0,0,0,0,0,0,0,0,0,0,0,0,0,0
241,205,75,90.37896865918735,0.0,0.0,-1.0,14400.0,0,0,0.06236807091727043,0.062368070917449656,0.15,4,1.0,39.77625854556625,1.792246906440198e-13,3.736821662658187,0.09394603211303594,3.736821662658187,0.09394603211303594,0.0,0.0,,90.37896865918735,0,0,0,0,0,0,0,39.77625854568055,0.0,0,0,0,0.0,0,0,0,0,0,0,0,0,0,0,0,0,0
242,206,26,500.0,0.0,0.0,-1.0,2300.0,0,0,0.045490387363764026,0.04550562717428269,0.15,4,1.0,56.544919035132416,1.5239810518666297e-05,28.272459517566208,0.3792135597856891,28.272459517566208,0.3792135597856891,0.0,0.0,,500.0,0,0,0,0,0,0,0,74.58048477315103,0.0,0,0,0,0.0,0,0,0,0,0,0,0,0,0,0,0,0,0
243,207,114,0.0,0.0,0.0,-1.0,1600.0,0,0,0.013028496930418682,0.013028496930418682,0.15,4,1.0,8.637081039432314,0.0,0.0,0.0,0.0,0.0,0.0,0.0,,0.0,0,0,0,0,0,0,0,39.77625854568055,0.0,0,0,0,0.0,0,0,0,0,0,0,0,0,0,0,0,0,0
244,208,94,3474.004447431161,0.0,0.0,-1.0,57500.0,0,0,0.3151791133543653,0.3151791143622684,0.15,4,1.0,65.25792396782053,1.0079030943188627e-09,1190.88494262171,18.248894083865586,1190.88494262171,18.248894083865586,0.0,0.0,,3474.004447431161,0,0,0,0,0,0,0,65.25792417650715,0.0,0,0,0,0.0,0,0,0,0,0,0,0,0,0,0,0,0,0
245,209,12,1719.9403252296966,0.0,0.0,-1.0,57500.0,0,0,0.06980810589611713,0.06980810590952931,0.15,4,1.0,65.2579241639692,1.3412174149074474e-11,130.58738883008974,2.0010962730284154,130.58738883008974,2.0010962730284154,0.0,0.0,,1719.9403252296966,0,0,0,0,0,0,0,65.25792417650715,0.0,0,0,0,0.0,0,0,0,0,0,0,0,0,0,0,0,0,0
246,210,184,0.0,0.0,0.0,-1.0,1600.0,0,0,0.357496331959064,0.357496331959064,0.15,4,1.0,39.77625854568055,0.0,0.0,0.0,0.0,0.0,0.0,0.0,,0.0,0,0,0,0,0,0,0,39.77625854568055,0.0,0,0,0,0.0,0,0,0,0,0,0,0,0,0,0,0,0,0
247,212,213,0.0,0.0,0.0,-1.0,1600.0,0,0,0.08830321552624057,0.08830321552624057,0.15,4,1.0,39.77625854568054,0.0,0.0,0.0,0.0,0.0,0.0,0.0,,0.0,0,0,0,0,0,0,0,39.77625854568055,0.0,0,0,0,0.0,0,0,0,0,0,0,0,0,0,0,0,0,0
248,213,214,0.0,0.0,0.0,-1.0,6400.0,0,0,0.056622410040762045,0.056622410040762045,0.15,4,1.0,37.537127021014825,0.0,0.0,0.0,0.0,0.0,0.0,0.0,,0.0,0,0,0,0,0,0,0,39.77625854568055,0.0,0,0,0,0.0,0,0,0,0,0,0,0,0,0,0,0,0,0
249,214,9,0.0,0.0,0.0,-1.0,1600.0,0,0,0.044643691280276385,0.044643691280276385,0.15,4,1.0,29.595983446630296,0.0,0.0,0.0,0.0,0.0,0.0,0.0,,0.0,0,0,0,0,0,0,0,39.77625854568055,0.0,0,0,0,0.0,0,0,0,0,0,0,0,0,0,0,0,0,0
250,215,161,1156.5151839831353,0.0,0.0,-1.0,25600.0,0,0,0.032739956674785936,0.03273995675469111,0.15,4,1.0,21.70454969117775,7.990517275624498e-11,25.101641279363538,0.6310709518291914,25.101641279363538,0.6310709518291914,0.0,0.0,,1156.5151839831353,0,0,0,0,0,0,0,39.77625854568055,0.0,0,0,0,0.0,0,0,0,0,0,0,0,0,0,0,0,0,0
251,216,34,2043.7347983550062,0.0,0.0,-1.0,36800.0,0,0,0.09590544837369003,0.09590544890825617,0.15,4,1.0,65.25792381276685,5.345661413524994e-10,213.1816524785657,3.2667550547610213,213.1816524785657,3.2667550547610213,0.0,0.0,,2043.7347983550062,0,0,0,0,0,0,0,65.25792417650715,0.0,0,0,0,0.0,0,0,0,0,0,0,0,0,0,0,0,0,0
252,217,174,600.0,0.0,0.0,-1.0,14400.0,0,0,0.006973526414555035,0.0069735264534787,0.15,4,1.0,4.045136515590242,3.892366463864594e-11,2.427081909354145,0.069735264534787,2.427081909354145,0.069735264534787,0.0,0.0,,600.0,0,0,0,0,0,0,0,34.80422622747048,0.0,0,0,0,0.0,0,0,0,0,0,0,0,0,0,0,0,0,0
253,218,4,1388.318368107511,0.0,0.0,-1.0,14400.0,0,0,0.13099731877664136,0.13099733973585367,0.15,4,1.0,39.776252181589115,2.0959212310156516e-08,120.56580655840641,3.0311002154750932,120.56580655840641,3.0311002154750932,0.0,0.0,,1388.318368107511,0,0,0,0,0,0,0,39.77625854568055,0.0,0,0,0,0.0,0,0,0,0,0,0,0,0,0,0,0,0,0
254,218,54,449.6729499924923,0.0,0.0,-1.0,35200.0,0,0,0.0191745196344908,0.01917451963479002,0.15,4,1.0,11.12257198603154,2.992189829242875e-13,5.001519756462657,0.1437043801477499,5.001519756462657,0.1437043801477499,0.0,0.0,,449.6729499924923,0,0,0,0,0,0,0,34.80422622747048,0.0,0,0,0,0.0,0,0,0,0,0,0,0,0,0,0,0,0,0
255,218,97,931.5770647791621,0.0,0.0,-1.0,14400.0,0,0,0.10292512575030759,0.10292512908881872,0.15,4,1.0,39.776257255485596,3.3385111342099094e-09,63.56424216349547,1.5980448274763017,63.56424216349547,1.5980448274763017,0.0,0.0,,931.5770647791621,0,0,0,0,0,0,0,39.77625854568055,0.0,0,0,0,0.0,0,0,0,0,0,0,0,0,0,0,0,0,0
256,219,60,352.32378895327,0.0,0.0,-1.0,45000.0,0,0,0.021091971597939883,0.021091971597958906,0.15,4,1.0,12.234829184634695,1.9022977637561667e-14,4.3106213755265435,0.12385338916479398,4.3106213755265435,0.12385338916479398,0.0,0.0,,352.32378895327,0,0,0,0,0,0,0,34.80422622747048,0.0,0,0,0,0.0,0,0,0,0,0,0,0,0,0,0,0,0,0
257,219,63,542.4232142845706,0.0,0.0,-1.0,14400.0,0,0,0.05127041597797856,0.05127041616912938,0.15,4,1.0,33.98908869474444,1.911508243357396e-10,18.436470740406637,0.463504398936113,18.436470740406637,0.463504398936113,0.0,0.0,,542.4232142845706,0,0,0,0,0,0,0,39.77625854568055,0.0,0,0,0,0.0,0,0,0,0,0,0,0,0,0,0,0,0,0
258,219,65,997.0112572288061,0.0,0.0,-1.0,16200.0,0,0,0.07735552889693913,0.07735553095206199,0.15,4,1.0,39.77625748893519,2.0551228635534713e-09,51.12862357183279,1.285405586135286,51.12862357183279,1.285405586135286,0.0,0.0,,997.0112572288061,0,0,0,0,0,0,0,39.77625854568055,0.0,0,0,0,0.0,0,0,0,0,0,0,0,0,0,0,0,0,0
259,220,32,830.6122404703285,0.0,0.0,-1.0,19800.0,0,0,0.37934484012079484,0.3793448422963644,0.15,4,1.0,39.77625831756089,2.175569557838486e-09,208.8840058428619,5.2514744895107786,208.8840058428619,5.2514744895107786,0.0,0.0,,830.6122404703285,0,0,0,0,0,0,0,39.77625854568055,0.0,0,0,0,0.0,0,0,0,0,0,0,0,0,0,0,0,0,0
260,220,50,848.1400185969684,0.0,0.0,-1.0,19800.0,0,0,0.11981396766021209,0.11981396840721648,0.15,4,1.0,34.804226010476505,7.470043889012956e-10,58.94618979213275,1.6936503565512195,58.94618979213275,1.6936503565512195,0.0,0.0,,848.1400185969684,0,0,0,0,0,0,0,34.80422622747048,0.0,0,0,0,0.0,0,0,0,0,0,0,0,0,0,0,0,0,0
261,220,99,1901.190340001351,0.0,0.0,-1.0,35200.0,0,0,0.01832425287695577,0.018324252968326966,0.15,4,1.0,12.147837001503722,9.137119533209059e-11,23.095350359169853,0.5806315455187384,23.095350359169853,0.5806315455187384,0.0,0.0,,1901.190340001351,0,0,0,0,0,0,0,39.77625854568055,0.0,0,0,0,0.0,0,0,0,0,0,0,0,0,0,0,0,0,0
262,221,146,434.6444113143172,0.0,0.0,-1.0,7200.0,0,0,0.006403646836591397,0.006403647633860735,0.15,4,1.0,5.306523170989349,7.972693382221618e-10,2.3064506397804494,0.04638849426806199,2.3064506397804494,0.04638849426806199,0.0,0.0,,434.6444113143172,0,0,0,0,0,0,0,49.720323182100685,0.0,0,0,0,0.0,0,0,0,0,0,0,0,0,0,0,0,0,0
263,221,219,1391.7582604666468,0.0,0.0,-1.0,16200.0,0,0,0.019645848608746443,0.019645850590602944,0.15,4,1.0,13.023972560179951,1.9818565018259182e-09,18.126221394721387,0.4557045807227533,18.126221394721387,0.4557045807227533,0.0,0.0,,1391.7582604666468,0,0,0,0,0,0,0,39.77625854568055,0.0,0,0,0,0.0,0,0,0,0,0,0,0,0,0,0,0,0,0
264,222,55,2176.952772438526,0.0,0.0,-1.0,45000.0,0,0,0.015906013878360072,0.015906013899268365,0.15,4,1.0,10.54469534094722,2.090829245848802e-11,22.95530375699466,0.5771106842743,22.95530375699466,0.5771106842743,0.0,0.0,,2176.952772438526,0,0,0,0,0,0,0,39.77625854568055,0.0,0,0,0,0.0,0,0,0,0,0,0,0,0,0,0,0,0,0
265,222,59,3323.047227561474,0.0,0.0,-1.0,14400.0,0,0,0.05747535480383263,0.05747565664883315,0.15,4,1.0,38.10257621136615,3.0184500051516627e-07,126.61666024213007,3.1832386913196697,126.61666024213007,3.1832386913196697,0.0,0.0,,3323.047227561474,0,0,0,0,0,0,0,39.77625854568055,0.0,0,0,0,0.0,0,0,0,0,0,0,0,0,0,0,0,0,0
266,222,70,505.92354943799813,0.0,0.0,-1.0,16200.0,0,0,0.08943467286500766,0.08943467302254797,0.15,4,1.0,34.80422616616239,1.5754031412740233e-10,26.24650921655987,0.7541184536399042,26.24650921655987,0.7541184536399042,0.0,0.0,,505.92354943799813,0,0,0,0,0,0,0,34.80422622747048,0.0,0,0,0,0.0,0,0,0,0,0,0,0,0,0,0,0,0,0
